OrderID,Fecha,Region,Categoria,Producto,Cantidad,PrecioUnitario,CostoUnitario,Descuento,Ventas,Ganancia
1,2023-10-14,Sur,Hogar,Mesa,2,454.19,241.71,0.12,799.37,315.95
2,2023-04-17,Este,Hogar,Silla,3,744.32,549.71,0.08,2054.32,405.19
3,2023-07-23,Sur,Oficina,Archivador,1,174.46,117.83,0.17,144.8,26.97
4,2023-11-28,Este,Oficina,Impresora,8,667.41,504.79,0.03,5179.1,1140.78
5,2023-07-07,Oeste,Hogar,Lámpara,9,477.21,289.09,0.29,3049.37,447.56
6,2023-04-08,Sur,Hogar,Lámpara,1,582.52,443.91,0.03,565.04,121.13
7,2023-10-30,Norte,Hogar,Sofá,1,930.88,539.88,0.11,828.48,288.6
8,2023-05-18,Este,Oficina,Archivador,4,220.51,169.64,0.23,679.17,0.61
9,2023-01-04,Sur,Tecnología,Mouse,7,252.5,213.89,0.18,1449.35,-47.88
10,2023-07-01,Oeste,Hogar,Silla,9,763.56,652.18,0.18,5635.07,-234.55
11,2023-12-05,Oeste,Hogar,Silla,1,856.72,643.62,0.26,633.97,-9.65
12,2023-01-28,Oeste,Tecnología,Mouse,10,22.66,17.49,0.17,188.08,13.18
13,2023-09-12,Sur,Hogar,Sofá,2,900.41,561.82,0.24,1368.62,244.98
14,2023-11-18,Este,Tecnología,Monitor,10,889.88,714.22,0.11,7919.93,777.73
15,2023-12-04,Norte,Oficina,Impresora,8,843.26,754.83,0.22,5261.94,-776.7
16,2023-02-12,Norte,Hogar,Sofá,5,339.3,262.99,0.23,1306.31,-8.64
17,2023-01-22,Oeste,Tecnología,Laptop,2,597.54,423.51,0.18,979.97,132.95
18,2023-01-11,Oeste,Tecnología,Mouse,3,147.49,126.07,0.01,438.05,59.84
19,2023-04-07,Este,Hogar,Sofá,4,178.45,113.56,0.17,592.45,138.21
20,2023-12-16,Sur,Oficina,Archivador,4,609.24,514.73,0.27,1778.98,-279.94
21,2023-12-21,Sur,Tecnología,Laptop,2,890.31,665.59,0.22,1388.88,57.7
22,2023-01-14,Oeste,Hogar,Mesa,6,570.07,475.58,0.04,3283.6,430.12
23,2023-04-06,Oeste,Oficina,Calculadora,9,91.41,65.28,0.13,715.74,128.22
24,2023-03-29,Oeste,Hogar,Lámpara,6,287.87,179.31,0.16,1450.86,375.0
25,2023-06-16,Este,Hogar,Lámpara,9,303.12,188.04,0.12,2400.71,708.35
26,2023-08-20,Norte,Hogar,Sofá,4,244.21,149.13,0.2,781.47,184.95
27,2023-11-01,Este,Tecnología,Monitor,10,521.16,302.25,0.28,3752.35,729.85
28,2023-02-28,Oeste,Tecnología,Monitor,10,769.18,605.67,0.12,6768.78,712.08
29,2023-11-15,Oeste,Hogar,Lámpara,7,112.4,67.91,0.0,786.8,311.43
30,2023-10-08,Sur,Hogar,Mesa,9,812.63,464.11,0.21,5777.8,1600.81
31,2023-01-09,Sur,Tecnología,Mouse,10,174.16,103.41,0.03,1689.35,655.25
32,2023-05-25,Sur,Oficina,Archivador,5,380.65,208.35,0.28,1370.34,328.59
33,2023-06-19,Sur,Oficina,Calculadora,1,132.57,72.55,0.04,127.27,54.72
34,2023-06-12,Oeste,Hogar,Mesa,2,352.88,263.0,0.2,564.61,38.61
35,2023-01-30,Oeste,Tecnología,Laptop,4,27.83,15.14,0.01,110.21,49.65
36,2023-06-22,Este,Tecnología,Laptop,7,862.49,568.01,0.02,5916.68,1940.61
37,2023-10-04,Este,Hogar,Mesa,3,296.81,233.14,0.11,792.48,93.06
38,2023-03-22,Norte,Oficina,Archivador,2,928.96,577.12,0.09,1690.71,536.47
39,2023-01-08,Este,Tecnología,Teclado,5,298.05,177.49,0.1,1341.23,453.78
40,2023-01-13,Sur,Tecnología,Mouse,4,56.07,50.37,0.07,208.58,7.1
41,2023-05-02,Norte,Oficina,Escritorio,8,715.1,566.19,0.25,4290.6,-238.92
42,2023-06-04,Oeste,Tecnología,Teclado,10,658.01,399.03,0.05,6251.1,2260.8
43,2023-09-17,Oeste,Oficina,Escritorio,2,457.33,297.03,0.02,896.37,302.31
44,2023-08-11,Norte,Tecnología,Mouse,7,814.31,540.06,0.2,4560.14,779.72
45,2023-02-06,Sur,Hogar,Silla,5,988.27,505.96,0.3,3458.95,929.15
46,2023-09-12,Oeste,Hogar,Mesa,4,655.82,464.94,0.26,1941.23,81.47
47,2023-07-27,Sur,Oficina,Impresora,9,325.53,218.2,0.18,2402.41,438.61
48,2023-09-30,Sur,Hogar,Mesa,5,52.08,35.99,0.08,239.57,59.62
49,2023-12-14,Norte,Oficina,Archivador,5,454.83,316.61,0.27,1660.13,77.08
50,2023-02-03,Este,Hogar,Lámpara,8,164.25,140.8,0.27,959.22,-167.18
51,2023-03-24,Este,Tecnología,Mouse,8,357.95,225.13,0.1,2577.24,776.2
52,2023-02-16,Este,Hogar,Silla,10,864.54,555.64,0.17,7175.68,1619.28
53,2023-10-04,Norte,Oficina,Escritorio,5,203.2,172.52,0.28,731.52,-131.08
54,2023-05-30,Norte,Oficina,Archivador,10,807.69,667.72,0.02,7915.36,1238.16
55,2023-11-15,Norte,Tecnología,Mouse,2,760.09,610.88,0.27,1109.73,-112.03
56,2023-10-02,Este,Oficina,Escritorio,8,767.93,450.39,0.23,4730.45,1127.33
57,2023-05-12,Norte,Oficina,Impresora,6,719.04,431.99,0.12,3796.53,1204.59
58,2023-07-19,Oeste,Oficina,Impresora,7,346.25,201.79,0.16,2035.95,623.42
59,2023-10-15,Oeste,Oficina,Archivador,5,492.62,439.6,0.28,1773.43,-424.57
60,2023-07-29,Norte,Oficina,Escritorio,6,471.26,411.05,0.27,2064.12,-402.18
61,2023-01-03,Oeste,Hogar,Lámpara,9,95.35,80.29,0.14,738.01,15.4
62,2023-03-04,Este,Hogar,Sofá,7,434.59,389.7,0.16,2555.39,-172.51
63,2023-10-02,Oeste,Oficina,Impresora,1,951.35,824.18,0.03,922.81,98.63
64,2023-12-03,Este,Oficina,Calculadora,6,269.36,173.01,0.14,1389.9,351.84
65,2023-06-25,Norte,Hogar,Sofá,3,361.76,267.78,0.08,998.46,195.12
66,2023-06-07,Sur,Tecnología,Mouse,3,522.46,434.55,0.14,1347.95,44.3
67,2023-05-21,Norte,Tecnología,Teclado,3,518.9,455.54,0.11,1385.46,18.84
68,2023-06-06,Oeste,Tecnología,Laptop,6,673.03,489.67,0.2,3230.54,292.52
69,2023-05-29,Sur,Oficina,Escritorio,1,137.14,97.24,0.12,120.68,23.44
70,2023-05-24,Norte,Hogar,Silla,6,357.93,316.6,0.22,1675.11,-224.49
71,2023-12-30,Oeste,Oficina,Impresora,2,803.2,475.2,0.15,1365.44,415.04
72,2023-10-17,Este,Oficina,Calculadora,6,374.38,221.07,0.2,1797.02,470.6
73,2023-12-13,Este,Tecnología,Monitor,9,447.52,368.22,0.02,3947.13,633.15
74,2023-03-24,Sur,Tecnología,Teclado,9,197.5,138.45,0.13,1546.42,300.37
75,2023-08-14,Este,Oficina,Escritorio,3,784.3,667.5,0.04,2258.78,256.28
76,2023-05-14,Norte,Oficina,Impresora,10,703.49,518.4,0.07,6542.46,1358.46
77,2023-01-24,Oeste,Hogar,Lámpara,3,690.65,618.05,0.07,1926.91,72.76
78,2023-03-08,Este,Oficina,Calculadora,7,502.7,330.11,0.2,2815.12,504.35
79,2023-02-16,Sur,Tecnología,Teclado,5,722.55,444.21,0.08,3323.73,1102.68
80,2023-08-07,Oeste,Oficina,Escritorio,2,921.92,813.42,0.03,1788.52,161.68
81,2023-04-02,Oeste,Hogar,Silla,8,842.24,526.27,0.29,4783.92,573.76
82,2023-10-10,Sur,Tecnología,Mouse,7,321.51,174.0,0.08,2070.52,852.52
83,2023-11-11,Sur,Hogar,Sofá,10,400.88,202.57,0.03,3888.54,1862.84
84,2023-04-15,Este,Tecnología,Mouse,1,730.24,604.46,0.03,708.33,103.87
85,2023-02-15,Sur,Hogar,Silla,3,458.24,349.25,0.11,1223.5,175.75
86,2023-06-08,Sur,Hogar,Lámpara,1,45.3,32.89,0.05,43.03,10.14
87,2023-09-10,Oeste,Oficina,Impresora,10,81.2,64.73,0.27,592.76,-54.54
88,2023-09-29,Sur,Hogar,Silla,10,736.59,570.84,0.19,5966.38,257.98
89,2023-10-07,Este,Hogar,Lámpara,10,26.43,13.39,0.12,232.58,98.68
90,2023-03-25,Sur,Tecnología,Laptop,8,556.84,447.97,0.25,3341.04,-242.72
91,2023-04-14,Norte,Oficina,Impresora,3,222.49,200.2,0.05,634.1,33.5
92,2023-08-30,Norte,Hogar,Lámpara,3,669.62,576.3,0.24,1526.73,-202.17
93,2023-06-03,Oeste,Tecnología,Mouse,7,985.72,718.82,0.06,6486.04,1454.3
94,2023-02-23,Este,Oficina,Escritorio,8,206.49,177.49,0.24,1255.46,-164.46
95,2023-11-27,Este,Oficina,Impresora,1,444.96,322.93,0.09,404.91,81.98
96,2023-03-23,Sur,Oficina,Escritorio,8,959.85,688.3,0.21,6066.25,559.85
97,2023-02-26,Norte,Tecnología,Monitor,1,707.68,621.68,0.24,537.84,-83.84
98,2024-01-01,Oeste,Tecnología,Mouse,9,304.93,154.28,0.04,2634.6,1246.08
99,2023-09-26,Norte,Tecnología,Laptop,5,531.65,328.19,0.05,2525.34,884.39
100,2023-12-02,Este,Hogar,Mesa,2,974.08,604.27,0.24,1480.6,272.06
101,2023-07-14,Norte,Hogar,Lámpara,10,527.76,323.95,0.04,5066.5,1827.0
102,2023-12-28,Este,Oficina,Archivador,4,440.64,238.31,0.19,1427.67,474.43
103,2023-08-24,Sur,Hogar,Sofá,5,235.38,201.82,0.15,1000.37,-8.73
104,2023-12-06,Este,Oficina,Calculadora,3,594.59,379.81,0.04,1712.42,572.99
105,2023-03-13,Sur,Hogar,Mesa,1,131.64,107.51,0.27,96.1,-11.41
106,2023-06-25,Sur,Tecnología,Teclado,4,625.73,484.48,0.26,1852.16,-85.76
107,2023-03-06,Sur,Oficina,Escritorio,4,621.06,392.52,0.2,1987.39,417.31
108,2023-12-21,Norte,Tecnología,Monitor,2,191.77,139.64,0.11,341.35,62.07
109,2023-07-16,Sur,Oficina,Archivador,8,543.63,310.06,0.09,3957.63,1477.15
110,2023-10-06,Este,Hogar,Silla,6,664.23,503.81,0.12,3507.13,484.27
111,2023-10-17,Norte,Oficina,Archivador,8,968.46,563.72,0.02,7592.73,3082.97
112,2023-04-15,Oeste,Tecnología,Laptop,10,884.3,592.49,0.05,8400.85,2475.95
113,2023-09-13,Oeste,Oficina,Calculadora,2,138.72,88.3,0.21,219.18,42.58
114,2023-02-09,Oeste,Tecnología,Monitor,10,658.68,390.56,0.02,6455.06,2549.46
115,2023-05-14,Este,Oficina,Escritorio,10,399.17,207.51,0.02,3911.87,1836.77
116,2023-05-18,Este,Tecnología,Laptop,1,902.97,692.94,0.03,875.88,182.94
117,2023-07-27,Este,Oficina,Calculadora,9,796.23,598.14,0.06,6736.11,1352.85
118,2023-04-21,Sur,Oficina,Escritorio,1,648.38,496.57,0.15,551.12,54.55
119,2023-05-06,Norte,Tecnología,Monitor,6,428.59,229.3,0.17,2134.38,758.58
120,2023-08-02,Este,Hogar,Sofá,2,904.35,649.52,0.14,1555.48,256.44
121,2023-11-26,Norte,Oficina,Archivador,6,314.91,257.01,0.25,1417.1,-124.96
122,2023-03-13,Norte,Tecnología,Teclado,3,561.77,286.33,0.2,1348.25,489.26
123,2023-10-25,Este,Hogar,Mesa,6,11.15,8.98,0.26,49.51,-4.37
124,2023-09-23,Este,Oficina,Impresora,9,159.77,134.41,0.14,1236.62,26.93
125,2023-04-23,Norte,Oficina,Escritorio,9,609.08,453.69,0.26,4056.47,-26.74
126,2023-11-24,Este,Tecnología,Teclado,4,161.27,143.37,0.05,612.83,39.35
127,2023-11-11,Norte,Hogar,Mesa,8,927.85,786.97,0.18,6086.7,-209.06
128,2024-01-01,Este,Oficina,Calculadora,8,242.04,212.22,0.18,1587.78,-109.98
129,2023-08-14,Norte,Hogar,Sofá,3,39.51,26.35,0.17,98.38,19.33
130,2023-03-31,Norte,Oficina,Escritorio,8,905.05,531.92,0.2,5792.32,1536.96
131,2023-12-14,Oeste,Oficina,Escritorio,2,175.35,144.56,0.26,259.52,-29.6
132,2023-09-20,Este,Oficina,Archivador,2,186.37,120.16,0.08,342.92,102.6
133,2023-09-03,Sur,Hogar,Silla,10,811.24,597.99,0.2,6489.92,510.02
134,2023-12-13,Norte,Hogar,Sofá,9,34.16,25.86,0.02,301.29,68.55
135,2023-05-24,Este,Hogar,Lámpara,4,746.31,532.88,0.16,2507.6,376.08
136,2023-11-01,Este,Oficina,Impresora,6,646.47,504.24,0.05,3684.88,659.44
137,2023-09-12,Sur,Tecnología,Teclado,3,227.18,162.53,0.03,661.09,173.5
138,2023-03-27,Norte,Hogar,Silla,1,561.55,372.68,0.3,393.08,20.4
139,2023-12-21,Sur,Hogar,Silla,8,667.92,444.0,0.05,5076.19,1524.19
140,2023-12-26,Oeste,Tecnología,Laptop,6,246.43,153.27,0.14,1271.58,351.96
141,2023-02-21,Norte,Hogar,Lámpara,10,634.64,500.68,0.07,5902.15,895.35
142,2023-09-14,Norte,Hogar,Sofá,4,881.1,603.58,0.02,3453.91,1039.59
143,2023-10-04,Oeste,Oficina,Calculadora,7,164.32,121.21,0.13,1000.71,152.24
144,2023-10-11,Oeste,Hogar,Silla,2,969.27,785.41,0.25,1453.9,-116.92
145,2023-05-30,Sur,Oficina,Impresora,6,899.96,809.52,0.18,4427.8,-429.32
146,2023-05-27,Este,Oficina,Calculadora,9,164.86,129.99,0.06,1394.72,224.81
147,2023-12-15,Este,Hogar,Sofá,9,886.43,774.57,0.0,7977.87,1006.74
148,2023-04-22,Oeste,Tecnología,Monitor,3,386.78,312.3,0.04,1113.93,177.03
149,2023-08-22,Este,Oficina,Escritorio,6,205.04,123.62,0.24,934.98,193.26
150,2023-11-07,Norte,Oficina,Calculadora,2,749.24,380.47,0.07,1393.59,632.65
151,2023-08-18,Oeste,Oficina,Escritorio,2,980.39,719.2,0.18,1607.84,169.44
152,2023-07-05,Oeste,Oficina,Impresora,9,458.72,381.82,0.23,3178.93,-257.45
153,2023-06-24,Norte,Tecnología,Monitor,6,989.57,612.54,0.17,4928.06,1252.82
154,2023-04-04,Sur,Hogar,Silla,10,833.23,606.56,0.28,5999.26,-66.34
155,2023-06-28,Norte,Tecnología,Laptop,10,615.6,501.28,0.02,6032.88,1020.08
156,2023-12-12,Oeste,Oficina,Calculadora,5,471.02,276.7,0.16,1978.28,594.78
157,2023-02-22,Oeste,Hogar,Sofá,1,342.18,275.59,0.12,301.12,25.53
158,2023-11-11,Oeste,Tecnología,Teclado,6,484.13,256.1,0.23,2236.68,700.08
159,2023-05-25,Norte,Oficina,Calculadora,4,200.87,117.12,0.28,578.51,110.03
160,2023-07-07,Oeste,Hogar,Mesa,9,344.05,220.36,0.24,2353.3,370.06
161,2023-02-26,Este,Tecnología,Teclado,8,921.33,627.2,0.23,5675.39,657.79
162,2023-06-08,Oeste,Oficina,Archivador,1,863.44,723.13,0.11,768.46,45.33
163,2023-05-25,Norte,Oficina,Calculadora,3,428.64,360.46,0.13,1118.75,37.37
164,2023-11-30,Este,Oficina,Impresora,1,524.08,461.75,0.18,429.75,-32.0
165,2023-11-28,Sur,Tecnología,Mouse,7,155.25,97.74,0.25,815.06,130.88
166,2023-11-04,Oeste,Oficina,Escritorio,2,518.62,350.65,0.11,923.14,221.84
167,2023-07-10,Sur,Tecnología,Monitor,9,470.06,249.17,0.29,3003.68,761.15
168,2023-02-05,Este,Tecnología,Mouse,9,671.56,431.26,0.18,4956.11,1074.77
169,2023-10-12,Norte,Hogar,Lámpara,10,471.83,315.09,0.15,4010.55,859.65
170,2023-04-30,Sur,Tecnología,Monitor,9,445.39,271.26,0.17,3327.06,885.72
171,2023-02-22,Sur,Tecnología,Laptop,10,286.72,220.48,0.29,2035.71,-169.09
172,2023-12-31,Norte,Hogar,Lámpara,8,374.86,244.27,0.24,2279.15,324.99
173,2023-08-03,Norte,Tecnología,Monitor,4,841.79,582.9,0.19,2727.4,395.8
174,2023-02-24,Sur,Hogar,Sofá,9,503.3,254.86,0.15,3850.24,1556.5
175,2023-01-20,Sur,Oficina,Archivador,4,810.16,570.62,0.11,2884.17,601.69
176,2023-02-15,Norte,Oficina,Archivador,3,79.47,52.61,0.22,185.96,28.13
177,2023-11-19,Este,Oficina,Calculadora,1,712.01,484.95,0.18,583.85,98.9
178,2023-01-30,Norte,Oficina,Escritorio,2,354.11,278.39,0.07,658.64,101.86
179,2023-10-13,Norte,Hogar,Mesa,3,818.76,679.9,0.25,1842.21,-197.49
180,2023-08-30,Sur,Hogar,Lámpara,3,446.35,312.63,0.19,1084.63,146.74
181,2023-03-18,Sur,Hogar,Mesa,10,534.2,402.58,0.12,4700.96,675.16
182,2023-11-16,Este,Tecnología,Monitor,1,65.58,36.22,0.19,53.12,16.9
183,2023-11-27,Oeste,Tecnología,Monitor,3,798.51,428.66,0.17,1988.29,702.31
184,2023-12-25,Oeste,Tecnología,Laptop,6,454.11,338.42,0.29,1934.51,-96.01
185,2023-02-18,Oeste,Oficina,Calculadora,3,220.23,166.13,0.24,502.12,3.73
186,2023-09-05,Norte,Hogar,Lámpara,9,17.38,12.8,0.14,134.52,19.32
187,2023-05-28,Este,Hogar,Silla,8,279.09,193.96,0.06,2098.76,547.08
188,2023-12-25,Norte,Hogar,Mesa,9,130.52,70.15,0.18,963.24,331.89
189,2023-09-13,Sur,Tecnología,Monitor,2,802.85,526.33,0.04,1541.47,488.81
190,2023-02-11,Norte,Tecnología,Laptop,9,291.57,181.24,0.25,1968.1,336.94
191,2023-01-10,Sur,Oficina,Escritorio,7,544.27,408.85,0.12,3352.7,490.75
192,2023-07-17,Norte,Hogar,Mesa,3,126.94,87.5,0.05,361.78,99.28
193,2023-06-07,Sur,Oficina,Calculadora,9,329.12,243.31,0.18,2428.91,239.12
194,2023-10-14,Este,Tecnología,Mouse,5,819.88,538.1,0.28,2951.57,261.07
195,2023-06-04,Sur,Hogar,Silla,1,286.84,185.6,0.13,249.55,63.95
196,2023-10-26,Sur,Tecnología,Mouse,7,273.91,218.81,0.28,1380.51,-151.16
197,2023-11-05,Norte,Hogar,Silla,7,55.83,44.81,0.09,355.64,41.97
198,2023-08-26,Sur,Oficina,Archivador,9,102.6,83.76,0.23,711.02,-42.82
199,2023-03-28,Norte,Oficina,Calculadora,1,323.44,273.85,0.21,255.52,-18.33
200,2023-12-23,Este,Hogar,Mesa,3,481.08,339.41,0.03,1399.94,381.71
201,2023-04-21,Norte,Oficina,Archivador,1,809.22,409.35,0.15,687.84,278.49
202,2023-09-17,Sur,Hogar,Silla,2,934.35,778.61,0.18,1532.33,-24.89
203,2023-01-31,Norte,Oficina,Impresora,1,228.68,203.85,0.24,173.8,-30.05
204,2023-07-20,Oeste,Oficina,Archivador,1,867.68,546.2,0.22,676.79,130.59
205,2023-01-26,Oeste,Tecnología,Monitor,5,872.57,642.95,0.26,3228.51,13.76
206,2023-05-20,Sur,Hogar,Sofá,5,327.88,216.62,0.09,1491.85,408.75
207,2023-12-23,Oeste,Oficina,Calculadora,1,901.44,781.52,0.17,748.2,-33.32
208,2023-07-09,Sur,Tecnología,Monitor,1,945.48,529.99,0.14,813.11,283.12
209,2023-10-24,Este,Tecnología,Mouse,2,256.72,220.06,0.08,472.36,32.24
210,2023-01-24,Este,Oficina,Impresora,7,43.57,28.74,0.19,247.04,45.86
211,2023-05-06,Norte,Oficina,Archivador,1,214.72,154.68,0.24,163.19,8.51
212,2023-08-24,Este,Oficina,Impresora,2,984.01,628.62,0.23,1515.38,258.14
213,2023-10-19,Sur,Hogar,Lámpara,4,174.85,148.92,0.14,601.48,5.8
214,2023-09-09,Este,Tecnología,Laptop,2,80.38,71.08,0.22,125.39,-16.77
215,2023-10-13,Sur,Oficina,Archivador,2,485.75,352.6,0.01,961.78,256.58
216,2023-01-15,Sur,Hogar,Sofá,4,233.14,137.28,0.24,708.75,159.63
217,2023-06-04,Sur,Oficina,Archivador,1,653.22,350.48,0.25,489.92,139.44
218,2023-09-12,Oeste,Oficina,Escritorio,2,578.42,388.07,0.22,902.34,126.2
219,2023-11-25,Este,Tecnología,Laptop,9,206.03,168.73,0.06,1743.01,224.44
220,2023-10-13,Sur,Tecnología,Monitor,7,147.05,131.49,0.17,854.36,-66.07
221,2023-07-11,Oeste,Tecnología,Laptop,3,288.37,162.97,0.23,666.13,177.22
222,2023-04-18,Este,Tecnología,Monitor,10,85.85,70.2,0.05,815.57,113.57
223,2023-08-16,Norte,Hogar,Sofá,9,97.0,80.42,0.0,873.0,149.22
224,2023-01-30,Oeste,Hogar,Sofá,9,313.16,208.81,0.25,2113.83,234.54
225,2023-09-12,Oeste,Oficina,Archivador,10,117.9,59.0,0.11,1049.31,459.31
226,2023-04-28,Este,Oficina,Escritorio,1,700.39,551.25,0.12,616.34,65.09
227,2023-10-28,Este,Oficina,Calculadora,3,577.77,391.13,0.19,1403.98,230.59
228,2023-11-07,Oeste,Hogar,Lámpara,7,297.82,157.1,0.07,1938.81,839.11
229,2023-03-18,Norte,Oficina,Impresora,4,750.37,553.38,0.07,2791.38,577.86
230,2023-01-31,Oeste,Tecnología,Teclado,7,868.23,725.66,0.13,5287.52,207.9
231,2023-01-15,Este,Hogar,Lámpara,4,778.76,399.77,0.1,2803.54,1204.46
232,2023-01-06,Norte,Oficina,Archivador,1,240.21,148.89,0.27,175.35,26.46
233,2023-03-20,Sur,Hogar,Lámpara,9,333.55,269.96,0.18,2461.6,31.96
234,2023-11-05,Este,Tecnología,Laptop,8,597.97,394.18,0.27,3492.14,338.7
235,2023-01-15,Oeste,Oficina,Impresora,6,227.08,123.13,0.11,1212.61,473.83
236,2023-08-22,Norte,Tecnología,Teclado,4,98.25,62.8,0.17,326.19,74.99
237,2023-09-17,Norte,Oficina,Calculadora,2,462.06,282.47,0.02,905.64,340.7
238,2023-10-08,Oeste,Oficina,Calculadora,8,23.38,11.76,0.08,172.08,78.0
239,2023-03-24,Norte,Oficina,Calculadora,7,555.7,455.14,0.08,3578.71,392.73
240,2023-03-06,Sur,Hogar,Lámpara,8,10.34,8.76,0.26,61.21,-8.87
241,2023-08-04,Oeste,Hogar,Sofá,9,168.73,104.69,0.07,1412.27,470.06
242,2023-01-06,Norte,Oficina,Escritorio,1,850.65,446.16,0.12,748.57,302.41
243,2023-05-05,Oeste,Hogar,Silla,10,527.54,451.34,0.04,5064.38,550.98
244,2023-02-04,Sur,Hogar,Lámpara,3,690.48,544.29,0.02,2030.01,397.14
245,2023-11-28,Norte,Hogar,Mesa,7,32.95,22.46,0.05,219.12,61.9
246,2023-09-11,Este,Hogar,Silla,10,355.02,202.87,0.11,3159.68,1130.98
247,2023-11-20,Norte,Tecnología,Teclado,9,730.33,416.31,0.25,4929.73,1182.94
248,2023-04-29,Norte,Oficina,Archivador,6,432.14,383.03,0.22,2022.42,-275.76
249,2023-05-15,Norte,Hogar,Mesa,3,167.75,91.61,0.01,498.22,223.39
250,2023-11-10,Sur,Oficina,Escritorio,9,131.17,106.04,0.1,1062.48,108.12
251,2023-01-23,Norte,Oficina,Archivador,6,601.24,403.38,0.29,2561.28,141.0
252,2023-06-23,Sur,Tecnología,Monitor,8,490.36,416.43,0.1,3530.59,199.15
253,2023-03-03,Norte,Tecnología,Mouse,6,370.5,261.03,0.01,2200.77,634.59
254,2023-08-19,Sur,Tecnología,Laptop,4,321.0,196.6,0.18,1052.88,266.48
255,2023-12-28,Norte,Tecnología,Monitor,7,440.73,354.39,0.14,2653.19,172.46
256,2023-07-03,Este,Hogar,Sofá,5,833.17,587.31,0.2,3332.68,396.13
257,2023-05-17,Sur,Tecnología,Laptop,10,844.2,461.35,0.04,8104.32,3490.82
258,2023-03-02,Norte,Hogar,Mesa,1,325.76,170.11,0.05,309.47,139.36
259,2023-07-03,Sur,Oficina,Impresora,9,100.15,77.57,0.16,757.13,59.0
260,2023-06-02,Norte,Tecnología,Mouse,8,642.34,413.71,0.14,4419.3,1109.62
261,2023-02-16,Norte,Tecnología,Mouse,2,197.88,150.78,0.1,356.18,54.62
262,2023-05-10,Norte,Oficina,Calculadora,1,227.8,139.49,0.08,209.58,70.09
263,2023-02-25,Sur,Hogar,Lámpara,6,484.01,387.07,0.03,2816.94,494.52
264,2024-01-01,Oeste,Oficina,Impresora,4,383.39,240.95,0.04,1472.22,508.42
265,2023-07-24,Este,Tecnología,Laptop,2,881.25,493.19,0.28,1269.0,282.62
266,2023-02-03,Oeste,Tecnología,Mouse,9,894.85,731.42,0.05,7650.97,1068.19
267,2023-02-28,Oeste,Oficina,Calculadora,7,188.8,140.49,0.09,1202.66,219.23
268,2023-07-29,Oeste,Tecnología,Teclado,10,148.55,94.73,0.15,1262.67,315.37
269,2023-03-03,Este,Hogar,Sofá,10,449.62,260.18,0.27,3282.23,680.43
270,2023-06-07,Este,Tecnología,Teclado,4,22.73,20.04,0.07,84.56,4.4
271,2023-08-22,Norte,Hogar,Sofá,10,419.95,357.14,0.27,3065.63,-505.77
272,2023-07-14,Este,Oficina,Calculadora,7,639.9,452.97,0.13,3896.99,726.2
273,2023-06-29,Oeste,Oficina,Calculadora,5,619.47,373.23,0.06,2911.51,1045.36
274,2023-09-10,Sur,Hogar,Sofá,7,778.85,594.36,0.11,4852.24,691.72
275,2023-06-30,Sur,Hogar,Silla,4,814.21,472.77,0.26,2410.06,518.98
276,2023-12-05,Este,Oficina,Escritorio,1,391.62,325.81,0.25,293.72,-32.09
277,2023-11-18,Norte,Tecnología,Mouse,8,518.86,360.99,0.19,3362.21,474.29
278,2023-03-17,Este,Hogar,Mesa,1,567.06,477.73,0.22,442.31,-35.42
279,2023-04-16,Norte,Hogar,Lámpara,1,231.11,197.5,0.19,187.2,-10.3
280,2023-06-11,Oeste,Hogar,Lámpara,9,887.12,603.43,0.19,6467.1,1036.23
281,2023-06-06,Norte,Tecnología,Teclado,8,697.74,592.46,0.24,4242.26,-497.42
282,2023-10-20,Oeste,Hogar,Silla,6,288.91,237.93,0.09,1577.45,149.87
283,2023-03-30,Oeste,Tecnología,Teclado,2,512.8,301.14,0.2,820.48,218.2
284,2023-06-30,Oeste,Hogar,Lámpara,10,198.32,105.64,0.08,1824.54,768.14
285,2023-08-08,Este,Oficina,Archivador,10,45.49,23.37,0.24,345.72,112.02
286,2023-09-25,Sur,Tecnología,Teclado,5,132.26,94.64,0.15,562.1,88.9
287,2023-08-15,Oeste,Hogar,Lámpara,2,805.19,571.49,0.04,1545.96,402.98
288,2023-11-03,Oeste,Oficina,Calculadora,8,744.41,527.83,0.13,5181.09,958.45
289,2023-12-02,Sur,Oficina,Calculadora,7,423.41,319.63,0.23,2282.18,44.77
290,2023-12-15,Norte,Tecnología,Laptop,1,596.77,463.13,0.06,560.96,97.83
291,2023-04-21,Oeste,Oficina,Archivador,5,20.49,18.13,0.17,85.03,-5.62
292,2023-10-13,Oeste,Oficina,Escritorio,1,527.23,368.97,0.22,411.24,42.27
293,2023-12-07,Este,Tecnología,Monitor,5,820.41,681.77,0.06,3855.93,447.08
294,2023-04-21,Este,Hogar,Silla,3,698.29,496.19,0.16,1759.69,271.12
295,2023-12-01,Sur,Hogar,Silla,2,257.46,216.56,0.2,411.94,-21.18
296,2023-06-11,Norte,Oficina,Archivador,6,98.65,54.38,0.29,420.25,93.97
297,2023-05-12,Norte,Oficina,Escritorio,7,836.45,593.94,0.12,5152.53,994.95
298,2023-05-10,Sur,Hogar,Sofá,4,29.54,22.18,0.03,114.62,25.9
299,2023-02-16,Oeste,Oficina,Escritorio,5,564.43,302.71,0.2,2257.72,744.17
300,2023-05-14,Norte,Hogar,Silla,6,942.27,578.46,0.02,5540.55,2069.79
301,2023-09-21,Este,Oficina,Calculadora,2,335.34,201.78,0.04,643.85,240.29
302,2023-05-15,Oeste,Tecnología,Mouse,7,703.91,367.42,0.21,3892.62,1320.68
303,2023-08-22,Este,Hogar,Mesa,7,272.59,218.68,0.28,1373.85,-156.91
304,2023-03-14,Oeste,Hogar,Silla,3,273.32,211.92,0.19,664.17,28.41
305,2023-06-14,Norte,Tecnología,Teclado,5,34.32,30.29,0.29,121.84,-29.61
306,2023-08-06,Norte,Tecnología,Laptop,9,653.73,579.35,0.19,4765.69,-448.46
307,2023-11-08,Norte,Tecnología,Monitor,6,137.32,97.61,0.13,716.81,131.15
308,2023-09-05,Este,Tecnología,Laptop,1,821.18,629.64,0.18,673.37,43.73
309,2023-04-15,Oeste,Oficina,Impresora,9,370.95,300.9,0.16,2804.38,96.28
310,2023-01-20,Sur,Oficina,Calculadora,1,60.97,46.71,0.1,54.87,8.16
311,2023-06-30,Este,Tecnología,Laptop,8,596.55,496.18,0.03,4629.23,659.79
312,2023-10-05,Norte,Hogar,Silla,3,607.8,400.75,0.15,1549.89,347.64
313,2023-04-22,Este,Hogar,Sofá,1,258.67,206.16,0.05,245.74,39.58
314,2023-05-06,Norte,Tecnología,Laptop,8,513.3,381.52,0.13,3572.57,520.41
315,2023-05-21,Oeste,Tecnología,Teclado,7,722.57,369.91,0.29,3591.17,1001.8
316,2023-06-01,Este,Oficina,Impresora,1,470.56,248.34,0.14,404.68,156.34
317,2023-11-12,Sur,Oficina,Calculadora,10,970.05,776.78,0.16,8148.42,380.62
318,2023-11-05,Este,Hogar,Lámpara,8,558.92,321.57,0.19,3621.8,1049.24
319,2023-01-02,Oeste,Hogar,Mesa,9,843.31,612.27,0.24,5768.24,257.81
320,2023-09-19,Norte,Tecnología,Teclado,1,684.05,426.93,0.06,643.01,216.08
321,2023-02-20,Sur,Hogar,Sofá,8,328.88,192.94,0.03,2552.11,1008.59
322,2023-10-13,Oeste,Hogar,Lámpara,5,916.86,821.93,0.1,4125.87,16.22
323,2023-03-15,Sur,Oficina,Calculadora,1,332.74,287.84,0.28,239.57,-48.27
324,2023-08-20,Sur,Oficina,Archivador,6,47.14,25.37,0.16,237.59,85.37
325,2023-03-01,Norte,Oficina,Calculadora,3,521.03,431.37,0.16,1313.0,18.89
326,2023-05-21,Este,Tecnología,Laptop,6,565.73,356.92,0.14,2919.17,777.65
327,2023-12-28,Sur,Tecnología,Laptop,1,658.53,435.61,0.21,520.24,84.63
328,2023-06-05,Este,Tecnología,Teclado,6,688.77,428.36,0.3,2892.83,322.67
329,2023-05-08,Sur,Hogar,Silla,4,384.14,246.39,0.12,1352.17,366.61
330,2023-11-26,Norte,Oficina,Archivador,3,624.07,496.8,0.26,1385.44,-104.96
331,2023-10-16,Sur,Tecnología,Laptop,10,274.12,138.86,0.07,2549.32,1160.72
332,2023-02-26,Oeste,Oficina,Impresora,9,744.34,472.21,0.24,5091.29,841.4
333,2023-03-23,Norte,Tecnología,Teclado,2,19.92,11.46,0.05,37.85,14.93
334,2023-07-03,Sur,Hogar,Sofá,8,786.02,554.82,0.19,5093.41,654.85
335,2023-12-23,Este,Tecnología,Laptop,10,436.8,269.49,0.21,3450.72,755.82
336,2023-09-09,Sur,Hogar,Mesa,3,344.6,192.97,0.03,1002.79,423.88
337,2023-11-09,Sur,Tecnología,Mouse,9,660.1,544.47,0.03,5762.67,862.44
338,2023-10-19,Sur,Tecnología,Laptop,9,81.37,71.03,0.06,688.39,49.12
339,2023-03-12,Sur,Hogar,Lámpara,7,64.58,36.63,0.12,397.81,141.4
340,2023-06-13,Oeste,Tecnología,Laptop,2,963.84,514.74,0.16,1619.25,589.77
341,2023-09-15,Norte,Oficina,Archivador,7,930.91,806.34,0.27,4756.95,-887.43
342,2023-05-30,Oeste,Hogar,Mesa,4,769.84,479.59,0.28,2217.14,298.78
343,2023-10-13,Norte,Oficina,Calculadora,2,286.45,184.55,0.12,504.15,135.05
344,2023-02-05,Sur,Oficina,Calculadora,7,393.2,233.69,0.22,2146.87,511.04
345,2023-01-24,Oeste,Hogar,Silla,6,883.18,748.86,0.15,4504.22,11.06
346,2023-04-14,Oeste,Oficina,Impresora,5,109.35,64.46,0.16,459.27,136.97
347,2023-12-30,Este,Tecnología,Monitor,3,347.4,191.35,0.09,948.4,374.35
348,2023-02-06,Este,Tecnología,Monitor,3,647.85,382.39,0.09,1768.63,621.46
349,2023-04-14,Sur,Hogar,Lámpara,4,521.44,427.64,0.18,1710.32,-0.24
350,2023-12-23,Oeste,Oficina,Escritorio,4,478.54,239.83,0.13,1665.32,706.0
351,2023-06-27,Oeste,Tecnología,Teclado,3,304.25,153.89,0.06,857.98,396.31
352,2023-09-26,Norte,Tecnología,Monitor,2,290.6,163.86,0.1,523.08,195.36
353,2023-01-28,Sur,Oficina,Escritorio,1,31.74,25.48,0.18,26.03,0.55
354,2023-10-14,Norte,Oficina,Impresora,10,250.92,164.53,0.18,2057.54,412.24
355,2023-06-17,Sur,Oficina,Escritorio,3,54.97,40.09,0.22,128.63,8.36
356,2023-04-19,Norte,Oficina,Calculadora,5,113.86,83.46,0.27,415.59,-1.71
357,2023-03-16,Oeste,Oficina,Archivador,9,154.13,100.2,0.04,1331.68,429.88
358,2023-09-16,Sur,Tecnología,Monitor,2,904.15,472.37,0.15,1537.05,592.31
359,2023-01-28,Norte,Hogar,Mesa,2,597.6,363.48,0.28,860.54,133.58
360,2023-05-25,Sur,Hogar,Silla,8,749.29,617.17,0.07,5574.72,637.36
361,2023-05-13,Norte,Tecnología,Mouse,9,651.48,335.7,0.07,5452.89,2431.59
362,2023-10-09,Norte,Oficina,Escritorio,4,792.74,461.19,0.21,2505.06,660.3
363,2023-10-28,Norte,Tecnología,Monitor,6,476.54,317.38,0.25,2144.43,240.15
364,2023-12-27,Sur,Tecnología,Laptop,5,452.09,346.21,0.17,1876.17,145.12
365,2023-12-14,Sur,Oficina,Escritorio,10,393.08,233.62,0.13,3419.8,1083.6
366,2023-06-23,Norte,Hogar,Lámpara,8,161.21,92.19,0.24,980.16,242.64
367,2023-12-19,Este,Tecnología,Mouse,7,382.46,286.96,0.18,2195.32,186.6
368,2023-02-26,Sur,Hogar,Sofá,7,611.78,518.02,0.06,4025.51,399.37
369,2023-10-29,Oeste,Tecnología,Monitor,6,592.41,365.39,0.02,3483.37,1291.03
370,2023-01-12,Sur,Hogar,Silla,4,214.52,117.01,0.26,634.98,166.94
371,2023-04-20,Oeste,Oficina,Impresora,5,111.94,62.9,0.22,436.57,122.07
372,2023-07-12,Sur,Oficina,Impresora,5,196.64,110.12,0.05,934.04,383.44
373,2023-05-21,Norte,Tecnología,Monitor,1,965.36,521.47,0.19,781.94,260.47
374,2023-11-14,Norte,Tecnología,Laptop,5,426.23,324.65,0.03,2067.22,443.97
375,2023-11-30,Sur,Hogar,Silla,1,533.42,408.22,0.26,394.73,-13.49
376,2023-09-24,Oeste,Hogar,Sofá,7,659.55,390.8,0.27,3370.3,634.7
377,2023-09-13,Sur,Oficina,Escritorio,10,391.72,229.38,0.23,3016.24,722.44
378,2023-08-09,Sur,Oficina,Calculadora,8,581.13,325.31,0.24,3533.27,930.79
379,2023-07-19,Oeste,Oficina,Calculadora,3,474.63,340.9,0.07,1324.22,301.52
380,2023-06-09,Sur,Oficina,Impresora,1,548.54,398.0,0.18,449.8,51.8
381,2023-08-27,Norte,Hogar,Sofá,5,928.49,611.98,0.04,4456.75,1396.85
382,2023-02-22,Oeste,Oficina,Calculadora,9,230.78,146.28,0.29,1474.68,158.16
383,2023-08-20,Sur,Hogar,Mesa,8,663.13,538.51,0.02,5198.94,890.86
384,2023-12-18,Sur,Tecnología,Teclado,1,641.41,401.15,0.16,538.78,137.63
385,2023-01-30,Sur,Hogar,Silla,6,390.63,201.46,0.11,2085.96,877.2
386,2023-08-05,Este,Hogar,Lámpara,7,476.68,260.07,0.28,2402.47,581.98
387,2023-11-01,Norte,Oficina,Calculadora,4,599.93,440.32,0.2,1919.78,158.5
388,2023-11-15,Oeste,Tecnología,Laptop,5,971.49,622.3,0.05,4614.58,1503.08
389,2023-10-18,Norte,Tecnología,Laptop,3,903.15,577.49,0.29,1923.71,191.24
390,2023-02-24,Sur,Hogar,Lámpara,3,79.6,52.59,0.16,200.59,42.82
391,2023-07-25,Norte,Hogar,Silla,3,628.2,314.75,0.05,1790.37,846.12
392,2023-07-27,Sur,Oficina,Escritorio,5,502.12,254.3,0.19,2033.59,762.09
393,2023-01-11,Norte,Hogar,Silla,4,193.9,166.67,0.15,659.26,-7.42
394,2023-09-10,Oeste,Oficina,Archivador,1,269.95,141.93,0.25,202.46,60.53
395,2023-06-17,Sur,Oficina,Archivador,4,544.44,437.71,0.01,2155.98,405.14
396,2023-12-22,Oeste,Hogar,Silla,8,30.23,21.39,0.05,229.75,58.63
397,2023-12-29,Norte,Tecnología,Teclado,7,954.16,659.82,0.24,5076.13,457.39
398,2023-03-22,Norte,Tecnología,Teclado,4,468.39,336.36,0.29,1330.23,-15.21
399,2023-03-15,Este,Hogar,Sofá,3,245.94,184.93,0.18,605.01,50.22
400,2023-12-23,Este,Oficina,Calculadora,6,949.34,528.32,0.09,5183.4,2013.48
401,2023-10-09,Norte,Oficina,Impresora,2,689.96,347.35,0.22,1076.34,381.64
402,2023-06-17,Oeste,Tecnología,Teclado,1,238.17,174.94,0.09,216.73,41.79
403,2023-12-06,Oeste,Tecnología,Mouse,7,924.89,827.79,0.12,5697.32,-97.21
404,2023-12-24,Este,Tecnología,Mouse,2,503.05,425.38,0.04,965.86,115.1
405,2023-04-21,Norte,Oficina,Escritorio,2,571.34,465.25,0.12,1005.56,75.06
406,2023-05-09,Sur,Oficina,Archivador,10,817.6,471.35,0.25,6132.0,1418.5
407,2023-08-19,Oeste,Tecnología,Teclado,3,108.0,76.57,0.09,294.84,65.13
408,2023-12-17,Norte,Oficina,Escritorio,4,296.86,197.14,0.16,997.45,208.89
409,2023-12-12,Este,Hogar,Mesa,6,600.28,470.37,0.08,3313.55,491.33
410,2023-04-29,Este,Tecnología,Teclado,9,708.44,603.26,0.26,4718.21,-711.13
411,2023-02-03,Oeste,Hogar,Mesa,3,249.85,199.94,0.01,742.05,142.23
412,2023-07-23,Sur,Hogar,Silla,1,863.46,727.18,0.14,742.58,15.4
413,2023-08-04,Este,Tecnología,Teclado,2,942.99,581.27,0.24,1433.34,270.8
414,2023-05-20,Sur,Tecnología,Mouse,1,604.14,410.45,0.06,567.89,157.44
415,2023-07-29,Sur,Hogar,Lámpara,3,933.99,751.82,0.09,2549.79,294.33
416,2023-07-15,Norte,Hogar,Lámpara,1,536.15,307.14,0.21,423.56,116.42
417,2023-05-23,Este,Tecnología,Mouse,2,974.29,592.54,0.25,1461.43,276.35
418,2023-11-04,Norte,Oficina,Calculadora,5,488.98,410.43,0.23,1882.57,-169.58
419,2023-10-14,Sur,Hogar,Silla,7,526.27,329.94,0.21,2910.27,600.69
420,2023-02-07,Oeste,Tecnología,Monitor,1,516.51,400.51,0.15,439.03,38.52
421,2023-03-20,Norte,Hogar,Silla,9,353.34,183.64,0.05,3021.06,1368.3
422,2023-08-12,Este,Hogar,Sofá,10,302.65,207.53,0.12,2663.32,588.02
423,2023-08-09,Oeste,Tecnología,Laptop,8,566.73,363.05,0.26,3355.04,450.64
424,2023-03-28,Norte,Tecnología,Monitor,4,566.18,321.78,0.04,2174.13,887.01
425,2023-02-20,Oeste,Oficina,Escritorio,5,923.77,816.34,0.03,4480.28,398.58
426,2023-03-19,Norte,Tecnología,Monitor,4,920.63,546.11,0.01,3645.69,1461.25
427,2023-06-30,Oeste,Tecnología,Laptop,6,539.51,463.86,0.07,3010.47,227.31
428,2023-03-18,Norte,Tecnología,Monitor,8,224.17,148.27,0.16,1506.42,320.26
429,2023-03-14,Oeste,Hogar,Lámpara,8,519.89,281.4,0.27,3036.16,784.96
430,2023-08-28,Este,Hogar,Lámpara,8,876.92,637.64,0.1,6313.82,1212.7
431,2023-10-31,Este,Tecnología,Laptop,2,906.49,548.47,0.11,1613.55,516.61
432,2023-05-29,Oeste,Tecnología,Laptop,9,212.4,153.37,0.11,1701.32,320.99
433,2023-12-09,Oeste,Hogar,Sofá,5,444.87,317.98,0.08,2046.4,456.5
434,2023-11-29,Este,Tecnología,Mouse,1,171.19,136.95,0.17,142.09,5.14
435,2023-10-09,Sur,Tecnología,Laptop,7,48.06,42.48,0.13,292.69,-4.67
436,2023-08-22,Oeste,Hogar,Mesa,5,635.2,472.04,0.01,3144.24,784.04
437,2023-06-03,Norte,Hogar,Sofá,1,944.17,810.95,0.2,755.34,-55.61
438,2023-09-05,Norte,Tecnología,Teclado,1,130.42,72.38,0.02,127.81,55.43
439,2023-01-04,Este,Oficina,Archivador,10,179.23,110.3,0.23,1380.07,277.07
440,2023-08-18,Oeste,Oficina,Archivador,2,735.32,444.28,0.15,1250.04,361.48
441,2023-05-19,Oeste,Oficina,Calculadora,7,146.69,100.66,0.14,883.07,178.45
442,2023-03-01,Este,Oficina,Escritorio,10,388.35,278.4,0.3,2718.45,-65.55
443,2023-11-16,Oeste,Hogar,Mesa,9,708.52,608.02,0.26,4718.74,-753.44
444,2023-09-17,Norte,Tecnología,Teclado,7,408.38,314.31,0.02,2801.49,601.32
445,2023-03-09,Este,Oficina,Archivador,7,870.07,661.69,0.05,5785.97,1154.14
446,2023-01-09,Sur,Tecnología,Mouse,4,295.07,175.15,0.14,1015.04,314.44
447,2023-12-05,Norte,Tecnología,Teclado,2,176.68,143.71,0.2,282.69,-4.73
448,2023-08-27,Norte,Oficina,Archivador,10,293.18,258.86,0.08,2697.26,108.66
449,2023-12-15,Norte,Oficina,Escritorio,4,773.14,499.05,0.13,2690.53,694.33
450,2023-06-24,Sur,Hogar,Silla,10,355.63,298.67,0.25,2667.23,-319.47
451,2023-09-11,Sur,Oficina,Calculadora,2,227.65,172.38,0.28,327.82,-16.94
452,2023-03-11,Este,Hogar,Mesa,3,101.26,59.5,0.16,255.18,76.68
453,2023-08-09,Oeste,Oficina,Archivador,8,337.59,270.17,0.13,2349.63,188.27
454,2023-12-06,Oeste,Hogar,Lámpara,9,15.19,9.39,0.04,131.24,46.73
455,2023-03-29,Este,Tecnología,Monitor,8,943.52,818.14,0.16,6340.45,-204.67
456,2023-12-27,Sur,Hogar,Silla,8,277.89,215.63,0.08,2045.27,320.23
457,2023-10-08,Oeste,Tecnología,Monitor,3,493.03,403.06,0.14,1272.02,62.84
458,2023-02-10,Este,Oficina,Archivador,10,245.48,161.76,0.1,2209.32,591.72
459,2023-05-19,Norte,Hogar,Lámpara,1,60.47,41.8,0.11,53.82,12.02
460,2023-12-31,Este,Tecnología,Teclado,9,203.31,165.86,0.26,1354.04,-138.7
461,2023-05-06,Este,Oficina,Archivador,6,499.02,404.82,0.05,2844.41,415.49
462,2023-03-10,Oeste,Tecnología,Mouse,9,876.51,511.65,0.29,5600.9,996.05
463,2023-04-01,Oeste,Oficina,Impresora,1,307.57,211.68,0.03,298.34,86.66
464,2023-10-08,Oeste,Hogar,Silla,9,363.28,323.6,0.26,2419.44,-492.96
465,2023-08-31,Este,Oficina,Impresora,4,238.76,163.71,0.04,916.84,262.0
466,2023-12-02,Norte,Tecnología,Laptop,1,791.75,680.02,0.26,585.89,-94.13
467,2023-01-08,Norte,Tecnología,Monitor,5,934.89,629.45,0.04,4487.47,1340.22
468,2023-02-23,Oeste,Hogar,Silla,6,122.74,62.1,0.13,640.7,268.1
469,2023-03-26,Oeste,Oficina,Escritorio,7,965.12,829.61,0.12,5945.14,137.87
470,2023-12-15,Norte,Hogar,Sofá,9,587.89,300.53,0.09,4814.82,2110.05
471,2023-02-28,Norte,Oficina,Calculadora,8,865.88,746.44,0.15,5887.98,-83.54
472,2023-04-19,Norte,Oficina,Archivador,5,111.6,90.33,0.03,541.26,89.61
473,2023-08-26,Sur,Oficina,Calculadora,7,619.53,453.92,0.16,3642.84,465.4
474,2023-10-06,Sur,Oficina,Impresora,7,275.5,241.48,0.2,1542.8,-147.56
475,2023-07-02,Norte,Hogar,Silla,9,615.84,377.41,0.2,4434.05,1037.36
476,2023-11-20,Sur,Hogar,Sofá,2,516.31,296.29,0.27,753.81,161.23
477,2023-09-25,Este,Oficina,Archivador,1,478.53,358.52,0.29,339.76,-18.76
478,2023-12-04,Oeste,Tecnología,Laptop,3,782.35,404.07,0.23,1807.23,595.02
479,2023-03-14,Este,Tecnología,Teclado,3,130.65,80.92,0.21,309.64,66.88
480,2023-06-15,Norte,Oficina,Impresora,7,388.14,297.75,0.25,2037.74,-46.51
481,2023-03-06,Norte,Tecnología,Mouse,8,315.01,225.52,0.15,2142.07,337.91
482,2023-10-22,Este,Oficina,Impresora,10,37.2,20.73,0.23,286.44,79.14
483,2023-07-29,Sur,Tecnología,Monitor,3,120.63,99.57,0.23,278.66,-20.05
484,2023-02-11,Este,Hogar,Sofá,3,350.44,234.81,0.23,809.52,105.09
485,2023-02-17,Oeste,Hogar,Sofá,3,367.92,234.13,0.25,827.82,125.43
486,2023-08-17,Norte,Hogar,Mesa,4,801.22,507.99,0.21,2531.86,499.9
487,2023-06-20,Oeste,Hogar,Lámpara,3,671.86,528.71,0.29,1431.06,-155.07
488,2023-01-04,Oeste,Hogar,Mesa,4,259.04,199.36,0.29,735.67,-61.77
489,2023-02-04,Este,Hogar,Lámpara,10,905.44,702.72,0.19,7334.06,306.86
490,2023-04-28,Este,Tecnología,Teclado,9,236.34,149.71,0.11,1893.08,545.69
491,2023-01-23,Norte,Oficina,Calculadora,8,893.76,741.03,0.04,6864.08,935.84
492,2023-06-03,Norte,Tecnología,Teclado,1,312.06,276.27,0.18,255.89,-20.38
493,2023-08-03,Este,Oficina,Calculadora,5,349.28,221.53,0.04,1676.54,568.89
494,2023-04-20,Sur,Oficina,Calculadora,9,696.44,566.87,0.15,5327.77,225.94
495,2023-02-13,Oeste,Tecnología,Teclado,2,661.95,470.29,0.12,1165.03,224.45
496,2023-02-26,Norte,Tecnología,Mouse,10,990.13,545.9,0.23,7624.0,2165.0
497,2023-01-01,Oeste,Hogar,Sofá,9,405.16,277.27,0.08,3354.72,859.29
498,2023-02-16,Oeste,Oficina,Impresora,7,742.46,391.47,0.18,4261.72,1521.43
499,2023-10-17,Este,Tecnología,Mouse,5,18.45,14.56,0.23,71.03,-1.77
500,2023-01-26,Oeste,Oficina,Archivador,8,534.18,413.3,0.28,3076.88,-229.52
501,2023-04-16,Este,Tecnología,Laptop,2,224.06,159.55,0.24,340.57,21.47
502,2023-11-17,Sur,Tecnología,Mouse,1,508.63,413.64,0.01,503.54,89.9
503,2023-08-13,Norte,Oficina,Escritorio,4,770.99,406.61,0.14,2652.21,1025.77
504,2023-11-24,Este,Oficina,Calculadora,5,156.74,121.64,0.18,642.63,34.43
505,2023-10-29,Oeste,Oficina,Escritorio,7,913.81,765.31,0.22,4989.4,-367.77
506,2023-03-15,Este,Hogar,Silla,3,371.77,196.21,0.14,959.17,370.54
507,2023-11-01,Sur,Hogar,Silla,5,460.83,259.39,0.29,1635.95,339.0
508,2023-03-19,Sur,Tecnología,Laptop,4,503.18,355.84,0.26,1489.41,66.05
509,2023-06-30,Sur,Oficina,Escritorio,2,815.74,719.0,0.0,1631.48,193.48
510,2023-03-15,Este,Hogar,Mesa,4,513.44,358.94,0.1,1848.38,412.62
511,2023-09-21,Oeste,Oficina,Escritorio,6,674.88,573.87,0.27,2955.97,-487.25
512,2023-07-01,Este,Oficina,Impresora,5,902.34,731.81,0.16,3789.83,130.78
513,2023-12-14,Este,Hogar,Sofá,8,900.74,513.83,0.25,5404.44,1293.8
514,2023-10-11,Sur,Hogar,Silla,9,556.47,457.13,0.07,4657.65,543.48
515,2023-07-14,Norte,Tecnología,Teclado,5,892.31,739.62,0.21,3524.62,-173.48
516,2023-09-04,Este,Hogar,Sofá,10,825.74,413.72,0.22,6440.77,2303.57
517,2023-01-03,Sur,Hogar,Lámpara,7,313.01,265.82,0.25,1643.3,-217.44
518,2023-12-01,Este,Oficina,Archivador,7,651.41,548.55,0.01,4514.27,674.42
519,2023-09-10,Este,Tecnología,Mouse,8,534.16,438.26,0.29,3034.03,-472.05
520,2023-06-30,Este,Hogar,Lámpara,10,124.48,92.95,0.19,1008.29,78.79
521,2023-11-28,Oeste,Hogar,Sofá,5,268.2,139.7,0.06,1260.54,562.04
522,2023-07-17,Este,Tecnología,Mouse,1,51.26,29.86,0.17,42.55,12.69
523,2023-01-12,Este,Tecnología,Mouse,2,891.63,762.61,0.06,1676.26,151.04
524,2023-10-13,Sur,Oficina,Calculadora,10,724.24,598.85,0.17,6011.19,22.69
525,2023-02-04,Este,Hogar,Sofá,9,902.2,646.11,0.02,7957.4,2142.41
526,2023-11-28,Norte,Oficina,Impresora,6,422.31,323.44,0.3,1773.7,-166.94
527,2023-06-21,Norte,Oficina,Escritorio,10,607.75,433.16,0.14,5226.65,895.05
528,2023-08-22,Este,Hogar,Mesa,5,42.55,34.93,0.19,172.33,-2.32
529,2023-10-08,Sur,Oficina,Escritorio,1,346.66,214.3,0.17,287.73,73.43
530,2023-02-13,Este,Hogar,Lámpara,5,73.97,46.67,0.27,269.99,36.64
531,2023-10-07,Sur,Oficina,Archivador,5,689.75,504.82,0.0,3448.75,924.65
532,2023-11-18,Sur,Tecnología,Mouse,1,878.7,663.54,0.12,773.26,109.72
533,2023-12-24,Norte,Tecnología,Mouse,1,525.37,345.44,0.08,483.34,137.9
534,2023-02-21,Norte,Hogar,Sofá,4,876.86,445.08,0.03,3402.22,1621.9
535,2023-02-10,Oeste,Tecnología,Teclado,5,821.62,664.28,0.02,4025.94,704.54
536,2023-12-17,Norte,Hogar,Mesa,7,393.97,346.51,0.23,2123.5,-302.07
537,2023-06-18,Sur,Tecnología,Mouse,5,977.13,607.74,0.18,4006.23,967.53
538,2023-07-07,Sur,Tecnología,Mouse,1,766.71,422.69,0.21,605.7,183.01
539,2023-06-22,Norte,Hogar,Mesa,10,46.75,35.12,0.23,359.98,8.78
540,2023-04-03,Oeste,Oficina,Archivador,5,206.43,121.35,0.06,970.22,363.47
541,2023-05-08,Sur,Tecnología,Mouse,5,110.89,68.12,0.24,421.38,80.78
542,2023-06-24,Sur,Tecnología,Laptop,3,235.53,140.49,0.25,529.94,108.47
543,2023-06-28,Norte,Hogar,Lámpara,8,462.04,343.52,0.08,3400.61,652.45
544,2023-07-06,Oeste,Tecnología,Laptop,3,405.97,236.95,0.18,998.69,287.84
545,2023-03-07,Sur,Hogar,Lámpara,4,549.06,443.29,0.18,1800.92,27.76
546,2023-01-05,Sur,Oficina,Calculadora,5,573.92,328.12,0.23,2209.59,568.99
547,2023-12-12,Oeste,Hogar,Lámpara,8,736.28,615.92,0.2,4712.19,-215.17
548,2023-10-18,Norte,Oficina,Impresora,4,380.39,323.27,0.18,1247.68,-45.4
549,2023-10-20,Sur,Oficina,Impresora,3,568.52,474.66,0.02,1671.45,247.47
550,2023-11-12,Este,Oficina,Calculadora,3,979.93,715.36,0.03,2851.6,705.52
551,2023-11-26,Este,Tecnología,Teclado,2,725.38,536.95,0.17,1204.13,130.23
552,2023-03-08,Este,Tecnología,Monitor,4,499.95,396.51,0.11,1779.82,193.78
553,2023-08-13,Norte,Oficina,Escritorio,1,328.2,287.51,0.06,308.51,21.0
554,2023-03-28,Norte,Oficina,Impresora,5,226.48,134.16,0.29,804.0,133.2
555,2023-05-20,Norte,Oficina,Archivador,9,477.06,311.18,0.11,3821.25,1020.63
556,2023-01-08,Sur,Tecnología,Teclado,8,10.96,6.31,0.29,62.25,11.77
557,2023-12-08,Oeste,Oficina,Calculadora,5,630.58,560.1,0.03,3058.31,257.81
558,2023-11-27,Este,Oficina,Calculadora,2,879.46,781.78,0.18,1442.31,-121.25
559,2023-12-18,Oeste,Oficina,Calculadora,8,634.82,557.46,0.06,4773.85,314.17
560,2023-04-08,Sur,Tecnología,Laptop,3,941.08,632.68,0.23,2173.89,275.85
561,2023-04-01,Sur,Tecnología,Monitor,2,867.08,724.14,0.1,1560.74,112.46
562,2023-06-29,Sur,Oficina,Archivador,10,27.96,19.69,0.03,271.21,74.31
563,2023-10-22,Norte,Oficina,Archivador,9,270.73,149.19,0.04,2339.11,996.4
564,2023-04-25,Sur,Tecnología,Monitor,4,506.19,356.48,0.06,1903.27,477.35
565,2023-05-26,Oeste,Hogar,Lámpara,6,126.04,75.54,0.18,620.12,166.88
566,2023-03-16,Este,Hogar,Mesa,1,392.85,233.92,0.28,282.85,48.93
567,2023-10-25,Este,Oficina,Escritorio,5,696.64,571.22,0.08,3204.54,348.44
568,2023-12-21,Oeste,Hogar,Lámpara,8,741.61,467.47,0.18,4864.96,1125.2
569,2023-03-04,Norte,Oficina,Escritorio,10,244.76,129.52,0.05,2325.22,1030.02
570,2023-06-05,Sur,Oficina,Archivador,1,62.73,37.33,0.07,58.34,21.01
571,2023-02-23,Norte,Oficina,Impresora,8,547.05,469.45,0.0,4376.4,620.8
572,2023-07-30,Oeste,Tecnología,Laptop,3,917.77,728.06,0.28,1982.38,-201.8
573,2023-06-10,Sur,Tecnología,Monitor,4,626.89,477.04,0.19,2031.12,122.96
574,2023-08-10,Este,Hogar,Mesa,4,607.8,312.53,0.21,1920.65,670.53
575,2023-03-31,Oeste,Hogar,Lámpara,7,861.85,643.58,0.29,4283.39,-221.67
576,2023-03-25,Norte,Tecnología,Mouse,2,568.16,295.7,0.12,999.96,408.56
577,2023-07-31,Este,Oficina,Calculadora,4,165.54,138.94,0.24,503.24,-52.52
578,2023-01-31,Sur,Hogar,Lámpara,8,284.2,222.14,0.12,2000.77,223.65
579,2023-03-19,Oeste,Tecnología,Mouse,7,25.76,15.51,0.01,178.52,69.95
580,2023-11-15,Norte,Hogar,Silla,8,843.66,645.85,0.01,6681.79,1514.99
581,2023-08-21,Este,Oficina,Archivador,8,89.14,68.03,0.1,641.81,97.57
582,2023-06-29,Este,Oficina,Impresora,9,223.02,180.67,0.15,1706.1,80.07
583,2023-05-24,Este,Oficina,Calculadora,9,166.07,109.15,0.3,1046.24,63.89
584,2023-05-28,Este,Oficina,Calculadora,2,44.57,37.08,0.06,83.79,9.63
585,2023-03-31,Sur,Oficina,Archivador,9,357.91,312.71,0.22,2512.53,-301.86
586,2023-11-26,Norte,Hogar,Silla,1,395.74,222.75,0.28,284.93,62.18
587,2023-05-12,Norte,Tecnología,Laptop,8,941.32,811.48,0.11,6702.2,210.36
588,2023-06-06,Norte,Tecnología,Teclado,3,329.32,264.66,0.22,770.61,-23.37
589,2023-12-01,Norte,Oficina,Calculadora,10,338.52,293.48,0.05,3215.94,281.14
590,2023-07-08,Sur,Tecnología,Monitor,5,96.75,74.94,0.01,478.91,104.21
591,2023-12-07,Este,Tecnología,Monitor,6,357.76,290.25,0.05,2039.23,297.73
592,2023-05-03,Este,Tecnología,Laptop,2,811.68,408.96,0.08,1493.49,675.57
593,2023-07-03,Norte,Oficina,Archivador,2,890.89,597.46,0.09,1621.42,426.5
594,2023-09-15,Oeste,Hogar,Lámpara,6,307.1,176.02,0.2,1474.08,417.96
595,2023-03-08,Sur,Hogar,Silla,7,302.4,162.89,0.07,1968.62,828.39
596,2023-05-04,Norte,Hogar,Silla,10,350.13,204.24,0.27,2555.95,513.55
597,2023-12-27,Sur,Hogar,Mesa,7,767.64,690.48,0.08,4943.6,110.24
598,2023-01-04,Este,Tecnología,Monitor,7,993.54,758.45,0.09,6328.85,1019.7
599,2023-04-04,Sur,Oficina,Archivador,3,950.0,853.42,0.18,2337.0,-223.26
600,2023-12-20,Norte,Tecnología,Mouse,4,496.85,270.27,0.04,1907.9,826.82
601,2023-09-01,Sur,Tecnología,Mouse,8,421.81,251.52,0.11,3003.29,991.13
602,2023-01-25,Norte,Oficina,Escritorio,2,398.93,302.62,0.15,678.18,72.94
603,2023-09-08,Oeste,Hogar,Silla,7,412.03,206.51,0.16,2422.74,977.17
604,2023-09-30,Oeste,Oficina,Archivador,9,881.96,463.49,0.02,7778.89,3607.48
605,2023-10-27,Norte,Oficina,Calculadora,8,582.28,491.95,0.29,3307.35,-628.25
606,2023-05-02,Norte,Tecnología,Teclado,6,780.58,570.39,0.03,4542.98,1120.64
607,2023-02-18,Este,Hogar,Silla,6,611.36,396.01,0.28,2641.08,265.02
608,2023-06-30,Este,Oficina,Impresora,1,806.7,606.95,0.12,709.9,102.95
609,2023-02-08,Oeste,Tecnología,Teclado,5,561.43,301.44,0.3,1965.0,457.8
610,2023-06-05,Este,Oficina,Calculadora,6,293.65,206.06,0.22,1374.28,137.92
611,2023-06-14,Este,Tecnología,Mouse,4,784.46,676.53,0.06,2949.57,243.45
612,2023-08-10,Este,Tecnología,Laptop,6,302.25,233.1,0.07,1686.55,287.95
613,2023-02-12,Sur,Tecnología,Laptop,7,735.1,530.9,0.25,3859.27,142.97
614,2023-06-01,Este,Hogar,Sofá,7,893.52,512.94,0.26,4628.43,1037.85
615,2023-07-06,Este,Hogar,Silla,4,508.48,298.22,0.19,1647.48,454.6
616,2023-04-13,Norte,Hogar,Lámpara,4,65.49,40.39,0.15,222.67,61.11
617,2023-09-02,Este,Hogar,Mesa,10,732.39,463.87,0.09,6664.75,2026.05
618,2023-05-25,Oeste,Tecnología,Teclado,5,332.48,275.61,0.18,1363.17,-14.88
619,2023-01-11,Este,Tecnología,Laptop,6,484.06,347.95,0.1,2613.92,526.22
620,2023-02-16,Este,Hogar,Silla,7,489.98,264.63,0.16,2881.08,1028.67
621,2023-03-22,Este,Hogar,Mesa,10,974.9,787.05,0.05,9261.55,1391.05
622,2023-01-03,Sur,Tecnología,Teclado,3,147.88,98.27,0.15,377.09,82.28
623,2023-10-21,Norte,Hogar,Silla,10,412.62,317.23,0.07,3837.37,665.07
624,2023-12-13,Oeste,Oficina,Calculadora,9,800.77,428.65,0.04,6918.65,3060.8
625,2023-05-31,Sur,Oficina,Escritorio,4,468.96,398.38,0.07,1744.53,151.01
626,2023-05-23,Norte,Tecnología,Monitor,4,524.77,285.36,0.05,1994.13,852.69
627,2023-02-26,Este,Hogar,Lámpara,9,375.82,257.11,0.1,3044.14,730.15
628,2023-06-05,Este,Hogar,Sofá,4,341.28,190.72,0.15,1160.35,397.47
629,2023-08-01,Norte,Oficina,Impresora,9,852.33,448.53,0.13,6673.74,2636.97
630,2023-02-11,Este,Tecnología,Teclado,1,365.2,188.88,0.22,284.86,95.98
631,2023-03-09,Sur,Hogar,Sofá,8,41.72,29.24,0.12,293.71,59.79
632,2023-12-24,Oeste,Tecnología,Teclado,10,479.04,306.14,0.28,3449.09,387.69
633,2023-09-26,Norte,Tecnología,Mouse,4,884.78,612.12,0.1,3185.21,736.73
634,2023-07-26,Este,Hogar,Silla,3,845.76,518.68,0.23,1953.71,397.67
635,2023-09-26,Este,Oficina,Calculadora,7,866.62,486.72,0.15,5156.39,1749.35
636,2023-04-09,Norte,Tecnología,Mouse,10,656.03,543.97,0.01,6494.7,1055.0
637,2023-05-12,Sur,Tecnología,Mouse,5,517.24,393.31,0.12,2275.86,309.31
638,2023-10-07,Este,Tecnología,Teclado,6,23.08,20.56,0.16,116.32,-7.04
639,2023-02-16,Norte,Hogar,Sofá,1,134.54,98.11,0.26,99.56,1.45
640,2023-03-20,Sur,Oficina,Impresora,5,392.71,345.64,0.27,1433.39,-294.81
641,2023-07-13,Sur,Hogar,Sofá,9,417.02,254.58,0.28,2702.29,411.07
642,2023-05-09,Este,Oficina,Calculadora,8,472.36,362.88,0.04,3627.72,724.68
643,2023-09-12,Norte,Tecnología,Laptop,8,462.08,236.9,0.22,2883.38,988.18
644,2023-07-06,Sur,Oficina,Impresora,10,740.31,600.18,0.1,6662.79,660.99
645,2023-03-24,Este,Tecnología,Monitor,4,912.17,459.32,0.21,2882.46,1045.18
646,2023-09-04,Norte,Hogar,Silla,7,484.78,353.13,0.29,2409.36,-62.55
647,2023-01-22,Este,Tecnología,Laptop,4,576.0,489.84,0.23,1774.08,-185.28
648,2023-08-22,Norte,Hogar,Sofá,3,455.34,233.36,0.13,1188.44,488.36
649,2023-08-30,Oeste,Tecnología,Monitor,2,650.31,559.27,0.03,1261.6,143.06
650,2023-04-24,Norte,Tecnología,Laptop,7,335.41,231.16,0.08,2160.04,541.92
651,2023-02-13,Este,Tecnología,Mouse,9,376.3,290.54,0.05,3217.37,602.51
652,2023-04-07,Norte,Oficina,Archivador,4,427.51,287.48,0.03,1658.74,508.82
653,2023-06-07,Este,Oficina,Escritorio,5,292.45,232.41,0.12,1286.78,124.73
654,2023-06-21,Oeste,Hogar,Lámpara,6,545.27,338.77,0.03,3173.47,1140.85
655,2023-11-28,Este,Hogar,Lámpara,9,32.13,22.21,0.22,225.55,25.66
656,2023-02-17,Oeste,Oficina,Impresora,2,850.63,637.66,0.16,1429.06,153.74
657,2023-08-29,Este,Hogar,Lámpara,1,991.05,579.45,0.11,882.03,302.58
658,2023-08-30,Este,Oficina,Archivador,5,543.02,478.87,0.07,2525.04,130.69
659,2023-11-26,Sur,Hogar,Sofá,10,273.03,145.81,0.11,2429.97,971.87
660,2023-02-25,Este,Tecnología,Monitor,5,168.84,133.32,0.25,633.15,-33.45
661,2023-09-08,Sur,Oficina,Archivador,10,207.28,133.62,0.22,1616.78,280.58
662,2023-05-24,Este,Tecnología,Laptop,8,152.89,111.08,0.0,1223.12,334.48
663,2023-02-22,Norte,Hogar,Sofá,3,215.44,172.63,0.17,536.45,18.56
664,2023-06-26,Este,Oficina,Impresora,4,592.58,322.37,0.16,1991.07,701.59
665,2023-11-01,Oeste,Hogar,Silla,2,982.33,767.48,0.13,1709.25,174.29
666,2023-12-25,Oeste,Oficina,Impresora,3,143.59,105.11,0.09,392.0,76.67
667,2023-12-30,Norte,Oficina,Archivador,4,350.57,186.62,0.04,1346.19,599.71
668,2023-05-26,Este,Hogar,Mesa,9,624.01,368.92,0.23,4324.39,1004.11
669,2023-03-10,Norte,Tecnología,Monitor,9,71.8,59.3,0.13,562.19,28.49
670,2023-10-09,Este,Tecnología,Monitor,1,356.03,217.97,0.27,259.9,41.93
671,2023-10-20,Este,Oficina,Archivador,7,923.07,696.23,0.21,5104.58,230.97
672,2023-09-29,Oeste,Tecnología,Teclado,5,942.3,506.4,0.07,4381.69,1849.69
673,2023-03-14,Sur,Tecnología,Monitor,1,269.05,213.82,0.01,266.36,52.54
674,2023-01-08,Norte,Oficina,Calculadora,6,280.54,176.51,0.19,1363.42,304.36
675,2023-09-07,Sur,Oficina,Calculadora,2,84.59,74.07,0.21,133.65,-14.49
676,2023-01-18,Oeste,Oficina,Escritorio,7,626.39,515.39,0.13,3814.72,206.99
677,2023-05-10,Sur,Tecnología,Mouse,8,112.59,100.33,0.09,819.66,17.02
678,2023-08-22,Este,Tecnología,Mouse,10,55.36,45.39,0.05,525.92,72.02
679,2023-09-26,Sur,Hogar,Silla,9,748.02,636.92,0.19,5453.07,-279.21
680,2023-07-04,Sur,Tecnología,Mouse,3,561.98,323.18,0.0,1685.94,716.4
681,2023-03-27,Oeste,Oficina,Archivador,2,318.44,177.27,0.18,522.24,167.7
682,2023-04-02,Norte,Tecnología,Monitor,6,209.54,139.66,0.07,1169.23,331.27
683,2023-05-02,Oeste,Tecnología,Mouse,10,200.74,159.34,0.08,1846.81,253.41
684,2023-05-15,Norte,Oficina,Calculadora,6,352.3,211.73,0.24,1606.49,336.11
685,2023-06-28,Este,Hogar,Mesa,6,169.83,133.53,0.04,978.22,177.04
686,2023-11-08,Norte,Tecnología,Teclado,3,286.15,208.62,0.03,832.7,206.84
687,2023-05-23,Sur,Hogar,Sofá,5,614.02,433.98,0.23,2363.98,194.08
688,2023-05-14,Sur,Hogar,Lámpara,10,630.85,513.71,0.28,4542.12,-594.98
689,2023-02-17,Sur,Oficina,Calculadora,5,610.07,350.38,0.16,2562.29,810.39
690,2023-03-02,Oeste,Tecnología,Teclado,6,551.78,337.09,0.09,3012.72,990.18
691,2023-04-24,Sur,Hogar,Sofá,5,382.16,336.86,0.27,1394.88,-289.42
692,2023-06-04,Este,Oficina,Calculadora,2,184.2,107.48,0.23,283.67,68.71
693,2023-05-12,Este,Oficina,Archivador,2,107.8,82.95,0.11,191.88,25.98
694,2023-10-01,Norte,Tecnología,Monitor,6,280.89,172.97,0.1,1516.81,478.99
695,2023-09-01,Norte,Oficina,Archivador,10,658.22,431.47,0.13,5726.51,1411.81
696,2023-10-02,Sur,Tecnología,Teclado,6,913.11,725.12,0.29,3889.85,-460.87
697,2023-04-16,Norte,Oficina,Impresora,10,885.92,701.16,0.23,6821.58,-190.02
698,2023-01-18,Norte,Tecnología,Monitor,2,453.52,241.47,0.14,780.05,297.11
699,2023-07-31,Norte,Oficina,Impresora,8,573.41,329.58,0.1,4128.55,1491.91
700,2023-11-07,Sur,Hogar,Mesa,10,772.56,419.0,0.01,7648.34,3458.34
701,2023-10-23,Sur,Hogar,Silla,1,283.76,151.31,0.03,275.25,123.94
702,2024-01-01,Norte,Hogar,Lámpara,8,896.0,686.75,0.14,6164.48,670.48
703,2023-05-01,Norte,Tecnología,Teclado,3,106.51,58.74,0.08,293.97,117.75
704,2023-03-17,Oeste,Hogar,Silla,5,29.32,22.35,0.19,118.75,7.0
705,2023-07-21,Norte,Tecnología,Laptop,9,275.14,208.14,0.25,1857.19,-16.07
706,2023-10-24,Norte,Oficina,Calculadora,6,770.84,659.43,0.18,3792.53,-164.05
707,2023-05-04,Norte,Hogar,Sofá,8,702.15,384.25,0.03,5448.68,2374.68
708,2023-09-07,Este,Tecnología,Teclado,8,706.18,477.35,0.3,3954.61,135.81
709,2023-06-06,Este,Tecnología,Monitor,4,359.68,213.0,0.03,1395.56,543.56
710,2023-12-12,Oeste,Tecnología,Mouse,9,293.68,178.37,0.29,1876.62,271.29
711,2023-04-12,Sur,Tecnología,Laptop,5,603.98,416.08,0.07,2808.51,728.11
712,2023-08-04,Norte,Hogar,Mesa,6,652.87,575.53,0.04,3760.53,307.35
713,2023-03-16,Sur,Tecnología,Laptop,5,673.44,557.79,0.1,3030.48,241.53
714,2023-07-29,Este,Tecnología,Mouse,9,106.86,68.25,0.28,692.45,78.2
715,2023-05-11,Este,Hogar,Mesa,2,628.96,378.84,0.03,1220.18,462.5
716,2023-12-05,Oeste,Hogar,Silla,4,434.1,333.61,0.21,1371.76,37.32
717,2023-02-01,Oeste,Oficina,Impresora,6,962.49,531.88,0.15,4908.7,1717.42
718,2023-01-11,Oeste,Oficina,Calculadora,4,854.15,628.76,0.22,2664.95,149.91
719,2023-07-21,Sur,Hogar,Silla,9,756.1,557.74,0.06,6396.61,1376.95
720,2023-03-14,Oeste,Tecnología,Monitor,9,973.58,846.19,0.27,6396.42,-1219.29
721,2023-04-28,Sur,Hogar,Silla,7,777.72,558.44,0.26,4028.59,119.51
722,2023-04-01,Oeste,Hogar,Mesa,4,376.56,302.89,0.23,1159.8,-51.76
723,2023-04-20,Este,Tecnología,Laptop,10,560.69,307.31,0.27,4093.04,1019.94
724,2023-11-08,Este,Tecnología,Monitor,5,966.77,550.49,0.07,4495.48,1743.03
725,2023-04-26,Oeste,Hogar,Lámpara,4,851.57,606.2,0.19,2759.09,334.29
726,2023-05-08,Este,Oficina,Impresora,6,847.95,463.32,0.2,4070.16,1290.24
727,2023-06-20,Sur,Hogar,Sofá,8,786.24,615.25,0.21,4969.04,47.04
728,2023-02-03,Oeste,Oficina,Archivador,9,931.4,831.91,0.17,6957.56,-529.63
729,2023-10-12,Oeste,Tecnología,Monitor,7,983.2,563.52,0.06,6469.46,2524.82
730,2023-07-15,Oeste,Hogar,Lámpara,7,899.76,747.66,0.25,4723.74,-509.88
731,2023-10-07,Oeste,Oficina,Archivador,6,82.71,44.64,0.19,401.97,134.13
732,2023-04-28,Norte,Oficina,Impresora,6,654.18,570.71,0.21,3100.81,-323.45
733,2023-07-19,Oeste,Tecnología,Teclado,5,350.71,226.57,0.14,1508.05,375.2
734,2023-06-16,Este,Tecnología,Monitor,3,569.1,481.92,0.26,1263.4,-182.36
735,2023-09-12,Oeste,Hogar,Lámpara,9,708.0,416.06,0.2,5097.6,1353.06
736,2023-12-02,Este,Tecnología,Mouse,10,616.88,312.76,0.18,5058.42,1930.82
737,2023-04-10,Este,Oficina,Escritorio,10,62.97,44.04,0.05,598.22,157.82
738,2023-07-26,Sur,Hogar,Lámpara,4,70.36,54.96,0.17,233.6,13.76
739,2023-03-26,Norte,Hogar,Lámpara,7,809.13,529.44,0.06,5324.08,1618.0
740,2023-02-20,Sur,Tecnología,Monitor,7,476.58,327.2,0.01,3302.7,1012.3
741,2023-07-08,Norte,Tecnología,Teclado,1,812.43,452.35,0.19,658.07,205.72
742,2023-05-04,Este,Hogar,Silla,3,144.82,89.32,0.04,417.08,149.12
743,2023-09-17,Sur,Tecnología,Laptop,1,680.28,473.62,0.3,476.2,2.58
744,2023-03-09,Oeste,Hogar,Silla,5,945.12,727.82,0.3,3307.92,-331.18
745,2023-03-29,Norte,Oficina,Archivador,10,36.98,26.38,0.14,318.03,54.23
746,2023-07-27,Oeste,Hogar,Silla,9,77.32,53.81,0.24,528.87,44.58
747,2023-08-13,Este,Tecnología,Mouse,8,193.55,158.12,0.04,1486.46,221.5
748,2023-08-18,Norte,Hogar,Mesa,1,823.53,472.77,0.14,708.24,235.47
749,2023-04-14,Norte,Hogar,Mesa,8,81.25,57.86,0.13,565.5,102.62
750,2023-10-28,Este,Oficina,Calculadora,7,287.93,227.07,0.1,1813.96,224.47
751,2023-03-29,Este,Tecnología,Teclado,10,40.24,34.19,0.26,297.78,-44.12
752,2023-06-20,Norte,Tecnología,Monitor,6,193.82,152.59,0.27,848.93,-66.61
753,2023-06-14,Oeste,Tecnología,Monitor,5,204.78,104.39,0.16,860.08,338.13
754,2023-04-13,Sur,Tecnología,Teclado,10,276.94,171.59,0.25,2077.05,361.15
755,2023-08-15,Oeste,Hogar,Sofá,5,584.79,502.85,0.3,2046.76,-467.49
756,2023-07-01,Sur,Oficina,Impresora,6,219.6,165.13,0.25,988.2,-2.58
757,2023-06-26,Sur,Hogar,Mesa,5,693.68,459.97,0.18,2844.09,544.24
758,2023-02-25,Oeste,Tecnología,Monitor,3,997.8,825.2,0.13,2604.26,128.66
759,2023-06-30,Oeste,Tecnología,Monitor,10,990.28,876.8,0.28,7130.02,-1637.98
760,2023-03-03,Norte,Hogar,Sofá,1,613.36,514.32,0.21,484.55,-29.77
761,2023-01-10,Este,Hogar,Mesa,4,936.35,619.92,0.19,3033.77,554.09
762,2023-02-24,Este,Hogar,Mesa,5,349.59,266.09,0.24,1328.44,-2.01
763,2023-02-09,Oeste,Oficina,Calculadora,9,989.24,815.88,0.28,6410.28,-932.64
764,2023-11-11,Oeste,Hogar,Lámpara,5,932.79,527.49,0.17,3871.08,1233.63
765,2023-02-28,Norte,Hogar,Silla,10,292.82,152.74,0.03,2840.35,1312.95
766,2023-05-17,Sur,Oficina,Calculadora,6,855.65,535.45,0.01,5082.56,1869.86
767,2023-05-30,Oeste,Oficina,Impresora,1,610.16,420.53,0.19,494.23,73.7
768,2023-07-04,Norte,Hogar,Mesa,9,432.72,292.17,0.17,3232.42,602.89
769,2023-05-15,Sur,Hogar,Mesa,6,158.77,84.11,0.08,876.41,371.75
770,2023-08-01,Sur,Oficina,Archivador,2,279.33,250.58,0.06,525.14,23.98
771,2023-04-03,Norte,Oficina,Escritorio,7,68.35,42.67,0.21,377.98,79.29
772,2023-01-12,Oeste,Tecnología,Teclado,4,592.63,305.08,0.21,1872.71,652.39
773,2023-10-06,Sur,Tecnología,Laptop,7,957.7,621.7,0.23,5162.0,810.1
774,2023-02-01,Oeste,Hogar,Mesa,8,870.87,546.83,0.09,6339.93,1965.29
775,2023-03-18,Oeste,Hogar,Silla,2,492.39,321.24,0.08,906.0,263.52
776,2023-09-25,Sur,Oficina,Archivador,2,606.58,539.87,0.07,1128.24,48.5
777,2023-04-10,Sur,Oficina,Calculadora,3,857.54,534.58,0.0,2572.62,968.88
778,2023-10-26,Oeste,Oficina,Impresora,8,965.99,756.16,0.05,7341.52,1292.24
779,2023-10-28,Oeste,Oficina,Impresora,10,346.88,269.36,0.18,2844.42,150.82
780,2023-08-24,Norte,Hogar,Silla,10,253.7,226.26,0.21,2004.23,-258.37
781,2023-10-09,Sur,Tecnología,Teclado,1,98.16,80.76,0.14,84.42,3.66
782,2023-06-07,Oeste,Tecnología,Mouse,5,92.56,75.32,0.23,356.36,-20.24
783,2023-09-13,Este,Hogar,Mesa,8,736.4,603.63,0.19,4771.87,-57.17
784,2023-09-12,Este,Oficina,Calculadora,5,513.53,359.84,0.12,2259.53,460.33
785,2023-09-21,Norte,Tecnología,Teclado,1,60.74,45.82,0.06,57.1,11.28
786,2023-06-29,Este,Hogar,Lámpara,9,355.74,258.87,0.25,2401.24,71.41
787,2023-01-10,Sur,Hogar,Lámpara,8,187.6,96.93,0.11,1335.71,560.27
788,2023-11-06,Sur,Hogar,Sofá,8,551.43,328.43,0.09,4014.41,1386.97
789,2023-08-13,Oeste,Oficina,Calculadora,10,726.36,524.69,0.2,5810.88,563.98
790,2023-10-15,Norte,Oficina,Archivador,3,289.85,240.4,0.0,869.55,148.35
791,2023-07-21,Oeste,Tecnología,Laptop,2,551.59,467.98,0.12,970.8,34.84
792,2023-12-23,Sur,Tecnología,Laptop,2,656.77,398.28,0.27,958.88,162.32
793,2023-11-04,Este,Oficina,Impresora,4,115.51,82.74,0.19,374.25,43.29
794,2023-04-21,Oeste,Oficina,Calculadora,1,291.78,195.92,0.09,265.52,69.6
795,2023-05-16,Sur,Oficina,Impresora,3,88.48,60.92,0.08,244.2,61.44
796,2023-08-22,Este,Oficina,Impresora,5,796.42,556.97,0.14,3424.61,639.76
797,2023-08-11,Oeste,Tecnología,Teclado,2,958.97,775.25,0.27,1400.1,-150.4
798,2023-08-28,Este,Oficina,Impresora,2,804.93,717.5,0.12,1416.68,-18.32
799,2023-06-29,Sur,Tecnología,Mouse,3,927.87,824.74,0.1,2505.25,31.03
800,2023-03-24,Norte,Hogar,Silla,5,807.27,441.25,0.0,4036.35,1830.1
801,2023-03-26,Sur,Hogar,Lámpara,6,81.18,65.27,0.19,394.53,2.91
802,2023-09-03,Sur,Hogar,Silla,1,992.82,712.55,0.06,933.25,220.7
803,2023-08-31,Este,Oficina,Escritorio,7,704.15,429.39,0.07,4584.02,1578.29
804,2023-10-15,Sur,Oficina,Impresora,5,986.2,656.02,0.02,4832.38,1552.28
805,2023-03-17,Este,Oficina,Escritorio,7,660.06,331.11,0.03,4481.81,2164.04
806,2023-12-24,Este,Oficina,Archivador,1,760.53,473.3,0.19,616.03,142.73
807,2023-03-15,Norte,Tecnología,Laptop,2,678.86,525.88,0.17,1126.91,75.15
808,2023-10-24,Oeste,Hogar,Mesa,2,707.77,612.07,0.12,1245.68,21.54
809,2023-08-07,Este,Oficina,Calculadora,3,782.21,541.33,0.29,1666.11,42.12
810,2023-07-16,Sur,Oficina,Impresora,8,106.36,54.9,0.25,638.16,198.96
811,2023-12-17,Norte,Tecnología,Teclado,2,44.34,31.37,0.15,75.38,12.64
812,2023-02-15,Oeste,Oficina,Escritorio,2,356.05,205.67,0.14,612.41,201.07
813,2023-05-30,Norte,Oficina,Escritorio,3,938.55,833.73,0.19,2280.68,-220.51
814,2023-11-13,Oeste,Hogar,Lámpara,3,370.44,302.64,0.06,1044.64,136.72
815,2023-03-09,Sur,Tecnología,Monitor,1,277.02,233.35,0.12,243.78,10.43
816,2023-11-19,Norte,Tecnología,Laptop,7,771.36,679.25,0.01,5345.52,590.77
817,2023-04-03,Este,Hogar,Mesa,3,790.33,661.42,0.09,2157.6,173.34
818,2023-01-08,Oeste,Hogar,Mesa,1,724.64,437.6,0.3,507.25,69.65
819,2023-10-13,Oeste,Hogar,Sofá,4,19.08,16.76,0.06,71.74,4.7
820,2023-02-24,Norte,Hogar,Lámpara,7,256.35,228.63,0.22,1399.67,-200.74
821,2023-07-19,Este,Oficina,Calculadora,5,705.5,496.27,0.25,2645.62,164.27
822,2023-10-03,Este,Oficina,Calculadora,7,830.24,532.85,0.06,5462.98,1733.03
823,2023-08-02,Norte,Hogar,Sofá,10,816.99,604.47,0.11,7271.21,1226.51
824,2023-10-27,Oeste,Oficina,Calculadora,8,87.96,78.51,0.28,506.65,-121.43
825,2023-03-01,Este,Tecnología,Laptop,3,565.21,348.34,0.15,1441.29,396.27
826,2023-05-23,Este,Tecnología,Laptop,8,394.88,219.91,0.09,2874.73,1115.45
827,2023-04-01,Oeste,Hogar,Silla,4,78.65,60.62,0.27,229.66,-12.82
828,2023-03-28,Oeste,Hogar,Sofá,3,399.28,324.14,0.3,838.49,-133.93
829,2023-10-22,Este,Tecnología,Laptop,4,725.41,422.65,0.14,2495.41,804.81
830,2023-01-13,Norte,Tecnología,Teclado,6,650.86,443.34,0.07,3631.8,971.76
831,2023-04-08,Norte,Oficina,Archivador,7,818.6,636.72,0.18,4698.76,241.72
832,2023-07-20,Oeste,Oficina,Archivador,6,909.61,527.02,0.01,5403.08,2240.96
833,2023-06-26,Este,Tecnología,Teclado,5,292.59,165.77,0.11,1302.03,473.18
834,2023-03-08,Norte,Hogar,Mesa,5,729.28,611.47,0.06,3427.62,370.27
835,2023-03-09,Este,Oficina,Calculadora,1,886.21,553.92,0.16,744.42,190.5
836,2023-12-07,Oeste,Oficina,Calculadora,4,992.56,699.28,0.01,3930.54,1133.42
837,2023-12-12,Oeste,Hogar,Mesa,4,520.05,263.4,0.03,2017.79,964.19
838,2023-04-14,Norte,Tecnología,Teclado,5,425.82,284.96,0.18,1745.86,321.06
839,2023-06-28,Sur,Tecnología,Mouse,5,682.86,604.73,0.22,2663.15,-360.5
840,2023-12-15,Sur,Oficina,Archivador,7,698.28,513.56,0.07,4545.8,950.88
841,2023-04-13,Oeste,Tecnología,Mouse,5,588.11,525.89,0.21,2323.03,-306.42
842,2023-07-12,Este,Tecnología,Monitor,5,44.91,33.88,0.15,190.87,21.47
843,2023-06-09,Oeste,Hogar,Mesa,10,30.92,26.98,0.06,290.65,20.85
844,2023-01-06,Oeste,Tecnología,Teclado,5,253.61,218.1,0.26,938.36,-152.14
845,2023-09-20,Norte,Oficina,Impresora,4,564.8,491.09,0.14,1942.91,-21.45
846,2023-11-11,Oeste,Tecnología,Monitor,8,75.29,64.52,0.1,542.09,25.93
847,2023-04-05,Sur,Tecnología,Teclado,10,273.21,154.19,0.12,2404.25,862.35
848,2023-03-31,Oeste,Hogar,Mesa,7,956.41,481.24,0.04,6427.08,3058.4
849,2023-09-21,Norte,Tecnología,Monitor,10,159.06,139.0,0.18,1304.29,-85.71
850,2023-04-06,Sur,Tecnología,Teclado,4,416.13,358.53,0.27,1215.1,-219.02
851,2023-02-03,Oeste,Tecnología,Teclado,4,144.43,80.33,0.23,444.84,123.52
852,2023-02-21,Sur,Oficina,Archivador,8,67.05,42.9,0.25,402.3,59.1
853,2023-12-26,Oeste,Tecnología,Teclado,9,66.23,34.46,0.1,536.46,226.32
854,2023-11-12,Norte,Hogar,Lámpara,9,829.47,629.13,0.28,5374.97,-287.2
855,2023-02-05,Norte,Oficina,Archivador,4,862.54,687.72,0.26,2553.12,-197.76
856,2023-09-20,Sur,Oficina,Impresora,5,426.0,334.42,0.25,1597.5,-74.6
857,2023-12-06,Oeste,Hogar,Silla,3,112.76,69.96,0.24,257.09,47.21
858,2023-10-05,Oeste,Hogar,Mesa,4,202.68,149.61,0.02,794.51,196.07
859,2023-10-21,Oeste,Tecnología,Teclado,7,571.6,310.63,0.08,3681.1,1506.69
860,2023-09-05,Sur,Tecnología,Teclado,3,449.04,283.82,0.3,942.98,91.52
861,2023-07-16,Este,Oficina,Escritorio,10,607.1,326.66,0.1,5463.9,2197.3
862,2023-03-07,Sur,Tecnología,Teclado,1,224.93,120.04,0.1,202.44,82.4
863,2023-06-29,Norte,Hogar,Sofá,1,618.61,463.68,0.12,544.38,80.7
864,2023-08-05,Este,Hogar,Lámpara,9,875.65,566.73,0.08,7250.38,2149.81
865,2023-12-30,Oeste,Tecnología,Laptop,4,372.59,330.57,0.18,1222.1,-100.18
866,2023-04-17,Sur,Hogar,Silla,10,840.15,751.78,0.15,7141.27,-376.53
867,2023-08-04,Norte,Hogar,Sofá,5,91.87,72.57,0.03,445.57,82.72
868,2023-07-02,Oeste,Tecnología,Laptop,10,814.78,472.75,0.11,7251.54,2524.04
869,2023-11-26,Este,Tecnología,Mouse,10,19.65,11.76,0.1,176.85,59.25
870,2023-10-18,Norte,Hogar,Silla,5,704.94,544.36,0.0,3524.7,802.9
871,2023-09-06,Norte,Hogar,Silla,4,366.29,207.12,0.13,1274.69,446.21
872,2023-09-07,Norte,Tecnología,Mouse,3,885.27,442.71,0.28,1912.18,584.05
873,2023-04-21,Este,Oficina,Escritorio,10,377.91,290.97,0.13,3287.82,378.12
874,2023-09-17,Norte,Tecnología,Teclado,6,487.68,345.62,0.24,2223.82,150.1
875,2023-10-04,Este,Hogar,Mesa,8,729.34,403.21,0.2,4667.78,1442.1
876,2023-07-20,Norte,Oficina,Impresora,9,771.82,568.19,0.01,6876.92,1763.21
877,2023-08-10,Oeste,Oficina,Archivador,1,460.39,300.11,0.27,336.08,35.97
878,2023-09-21,Oeste,Hogar,Mesa,3,221.14,144.52,0.25,497.56,64.0
879,2023-10-29,Norte,Oficina,Escritorio,10,69.16,51.42,0.08,636.27,122.07
880,2023-03-13,Oeste,Hogar,Mesa,10,89.46,49.46,0.07,831.98,337.38
881,2023-03-06,Este,Tecnología,Monitor,4,791.48,424.97,0.21,2501.08,801.2
882,2023-07-17,Oeste,Tecnología,Mouse,5,772.54,395.17,0.14,3321.92,1346.07
883,2023-05-28,Este,Oficina,Calculadora,1,324.85,203.29,0.12,285.87,82.58
884,2023-12-31,Oeste,Tecnología,Laptop,4,957.94,614.27,0.17,3180.36,723.28
885,2023-10-18,Oeste,Oficina,Impresora,8,856.52,531.8,0.04,6578.07,2323.67
886,2023-08-20,Oeste,Tecnología,Mouse,9,913.73,519.91,0.17,6825.56,2146.37
887,2023-09-20,Oeste,Hogar,Sofá,9,251.9,191.28,0.18,1859.02,137.5
888,2023-09-01,Norte,Tecnología,Monitor,1,485.84,300.9,0.22,378.96,78.06
889,2023-12-12,Oeste,Oficina,Escritorio,3,235.85,211.25,0.12,622.64,-11.11
890,2023-08-15,Norte,Hogar,Silla,3,455.84,233.62,0.23,1052.99,352.13
891,2023-07-17,Sur,Hogar,Mesa,7,729.81,389.0,0.28,3678.24,955.24
892,2023-12-24,Norte,Oficina,Archivador,9,937.85,548.93,0.09,7680.99,2740.62
893,2023-10-22,Norte,Tecnología,Monitor,4,166.11,140.42,0.29,471.75,-89.93
894,2023-07-21,Oeste,Oficina,Escritorio,4,598.35,448.98,0.11,2130.13,334.21
895,2023-10-05,Este,Oficina,Calculadora,10,138.34,69.75,0.28,996.05,298.55
896,2023-06-16,Oeste,Oficina,Escritorio,9,871.33,660.96,0.13,6822.51,873.87
897,2023-11-18,Este,Tecnología,Mouse,1,554.65,444.42,0.08,510.28,65.86
898,2023-03-15,Este,Tecnología,Mouse,2,158.02,99.04,0.16,265.47,67.39
899,2023-07-01,Oeste,Hogar,Silla,2,247.24,135.07,0.26,365.92,95.78
900,2023-07-21,Este,Oficina,Calculadora,1,400.54,312.14,0.2,320.43,8.29
901,2023-06-18,Sur,Tecnología,Laptop,9,765.05,404.89,0.23,5301.8,1657.79
902,2023-06-12,Norte,Oficina,Calculadora,8,311.55,196.34,0.07,2317.93,747.21
903,2023-11-01,Oeste,Hogar,Lámpara,4,965.3,574.43,0.21,3050.35,752.63
904,2023-07-19,Norte,Oficina,Escritorio,10,802.97,570.14,0.08,7387.32,1685.92
905,2023-06-02,Oeste,Tecnología,Monitor,6,642.12,438.28,0.04,3698.61,1068.93
906,2023-06-01,Sur,Hogar,Mesa,9,557.17,466.49,0.26,3710.75,-487.66
907,2023-05-24,Este,Oficina,Escritorio,5,426.53,222.83,0.25,1599.49,485.34
908,2023-03-23,Oeste,Tecnología,Mouse,4,162.91,126.2,0.25,488.73,-16.07
909,2023-05-21,Norte,Tecnología,Laptop,2,66.5,33.44,0.12,117.04,50.16
910,2023-07-16,Norte,Hogar,Mesa,7,195.83,102.97,0.02,1343.39,622.6
911,2023-07-27,Norte,Tecnología,Teclado,6,376.42,247.84,0.18,1851.99,364.95
912,2023-12-02,Norte,Oficina,Impresora,6,342.85,186.03,0.1,1851.39,735.21
913,2023-06-16,Norte,Hogar,Lámpara,9,262.05,181.7,0.02,2311.28,675.98
914,2023-11-28,Sur,Tecnología,Laptop,9,258.94,135.72,0.05,2213.94,992.46
915,2023-11-07,Este,Tecnología,Monitor,5,933.9,508.4,0.29,3315.34,773.34
916,2023-04-02,Oeste,Tecnología,Laptop,5,225.81,183.12,0.3,790.33,-125.27
917,2023-11-19,Oeste,Tecnología,Teclado,5,713.07,537.02,0.06,3351.43,666.33
918,2023-05-27,Sur,Oficina,Impresora,8,101.94,53.73,0.15,693.19,263.35
919,2023-12-22,Sur,Tecnología,Monitor,3,609.33,320.11,0.24,1389.27,428.94
920,2023-09-26,Norte,Tecnología,Laptop,7,979.57,852.38,0.15,5828.44,-138.22
921,2023-01-08,Sur,Hogar,Silla,9,546.01,414.09,0.13,4275.26,548.45
922,2023-07-05,Este,Hogar,Sofá,7,444.86,372.63,0.01,3082.88,474.47
923,2023-05-14,Este,Hogar,Mesa,7,586.28,514.43,0.03,3980.84,379.83
924,2023-08-03,Oeste,Tecnología,Teclado,4,904.53,665.62,0.26,2677.41,14.93
925,2023-06-04,Sur,Hogar,Silla,3,954.42,700.0,0.07,2662.83,562.83
926,2023-04-16,Oeste,Oficina,Impresora,8,124.35,88.51,0.14,855.53,147.45
927,2023-05-07,Este,Hogar,Mesa,4,378.42,190.39,0.01,1498.54,736.98
928,2023-12-10,Este,Tecnología,Teclado,6,358.33,263.99,0.25,1612.49,28.55
929,2023-12-14,Oeste,Oficina,Impresora,3,832.43,589.21,0.01,2472.32,704.69
930,2023-08-19,Norte,Oficina,Calculadora,6,104.44,66.31,0.08,576.51,178.65
931,2023-09-01,Oeste,Tecnología,Laptop,1,424.76,351.33,0.02,416.26,64.93
932,2023-08-07,Este,Tecnología,Teclado,10,619.37,401.5,0.03,6007.89,1992.89
933,2023-08-03,Oeste,Tecnología,Mouse,6,240.62,208.26,0.11,1284.91,35.35
934,2023-10-05,Norte,Hogar,Mesa,4,506.54,304.48,0.29,1438.57,220.65
935,2023-03-14,Oeste,Oficina,Impresora,7,864.42,752.53,0.09,5506.36,238.65
936,2023-10-09,Este,Hogar,Sofá,1,182.55,95.36,0.19,147.87,52.51
937,2023-03-09,Norte,Tecnología,Laptop,5,835.04,454.47,0.03,4049.94,1777.59
938,2023-08-20,Norte,Hogar,Sofá,8,602.37,502.61,0.07,4481.63,460.75
939,2023-05-20,Oeste,Oficina,Impresora,8,371.09,207.91,0.24,2256.23,592.95
940,2023-04-29,Este,Oficina,Calculadora,2,513.66,286.79,0.07,955.41,381.83
941,2023-07-25,Este,Oficina,Escritorio,7,700.49,379.8,0.03,4756.33,2097.73
942,2023-05-05,Oeste,Hogar,Sofá,5,824.51,429.73,0.16,3462.94,1314.29
943,2023-11-29,Norte,Hogar,Lámpara,2,798.76,643.66,0.11,1421.79,134.47
944,2023-10-13,Sur,Tecnología,Laptop,1,399.72,274.96,0.08,367.74,92.78
945,2023-09-14,Norte,Tecnología,Monitor,8,569.35,351.9,0.2,3643.84,828.64
946,2023-08-04,Sur,Hogar,Sofá,2,68.47,49.06,0.04,131.46,33.34
947,2023-04-27,Este,Hogar,Lámpara,1,839.15,733.03,0.24,637.75,-95.28
948,2023-12-22,Sur,Oficina,Impresora,10,82.53,70.81,0.04,792.29,84.19
949,2023-11-12,Oeste,Oficina,Calculadora,1,168.76,105.77,0.28,121.51,15.74
950,2023-02-09,Oeste,Hogar,Lámpara,4,761.64,451.29,0.29,2163.06,357.9
951,2023-03-19,Este,Tecnología,Mouse,9,612.8,378.46,0.0,5515.2,2109.06
952,2023-06-29,Este,Hogar,Lámpara,2,561.22,405.02,0.22,875.5,65.46
953,2023-08-07,Este,Tecnología,Mouse,7,274.14,214.61,0.13,1669.51,167.24
954,2023-01-17,Este,Tecnología,Teclado,9,804.75,444.06,0.17,6011.48,2014.94
955,2023-04-18,Este,Hogar,Sofá,5,654.12,443.47,0.23,2518.36,301.01
956,2023-08-02,Norte,Tecnología,Teclado,3,432.17,313.96,0.14,1115.0,173.12
957,2023-05-01,Oeste,Tecnología,Teclado,5,473.26,395.63,0.29,1680.07,-298.08
958,2023-07-31,Oeste,Oficina,Escritorio,10,666.56,410.58,0.18,5465.79,1359.99
959,2023-04-21,Este,Hogar,Silla,9,431.72,368.27,0.19,3147.24,-167.19
960,2024-01-01,Oeste,Oficina,Escritorio,1,385.94,330.99,0.26,285.6,-45.39
961,2023-07-18,Oeste,Hogar,Sofá,6,420.51,316.71,0.01,2497.83,597.57
962,2023-02-17,Norte,Hogar,Mesa,10,610.89,353.77,0.05,5803.45,2265.75
963,2023-08-02,Norte,Oficina,Escritorio,4,841.12,713.3,0.16,2826.16,-27.04
964,2023-12-04,Este,Tecnología,Mouse,9,583.12,458.41,0.11,4670.79,545.1
965,2023-06-13,Oeste,Tecnología,Teclado,8,615.85,333.64,0.09,4483.39,1814.27
966,2023-09-02,Oeste,Oficina,Escritorio,7,534.32,411.47,0.07,3478.42,598.13
967,2023-07-26,Norte,Hogar,Mesa,5,55.02,28.7,0.17,228.33,84.83
968,2023-02-03,Norte,Oficina,Escritorio,2,666.13,462.3,0.25,999.19,74.59
969,2023-06-15,Este,Hogar,Mesa,7,348.84,267.27,0.3,1709.32,-161.57
970,2023-06-21,Este,Tecnología,Monitor,9,697.84,539.8,0.06,5903.73,1045.53
971,2023-11-02,Norte,Tecnología,Laptop,5,319.72,254.91,0.23,1230.92,-43.63
972,2023-04-21,Sur,Oficina,Calculadora,8,294.61,230.64,0.29,1673.38,-171.74
973,2023-06-28,Este,Oficina,Escritorio,1,330.18,167.3,0.29,234.43,67.13
974,2023-06-06,Oeste,Oficina,Impresora,1,730.9,507.62,0.15,621.26,113.64
975,2023-07-17,Sur,Oficina,Impresora,8,635.55,323.69,0.21,4016.68,1427.16
976,2023-06-08,Oeste,Oficina,Archivador,10,637.07,559.73,0.22,4969.15,-628.15
977,2023-10-04,Este,Tecnología,Mouse,10,958.64,833.18,0.2,7669.12,-662.68
978,2023-08-18,Este,Oficina,Impresora,1,429.59,297.89,0.16,360.86,62.97
979,2023-12-08,Norte,Oficina,Impresora,10,259.73,134.38,0.11,2311.6,967.8
980,2023-12-19,Oeste,Hogar,Mesa,9,312.95,258.08,0.21,2225.07,-97.65
981,2023-02-26,Este,Hogar,Mesa,8,12.06,6.1,0.06,90.69,41.89
982,2023-01-17,Oeste,Oficina,Calculadora,1,255.55,223.06,0.19,207.0,-16.06
983,2023-12-05,Este,Tecnología,Teclado,1,885.59,471.54,0.22,690.76,219.22
984,2023-02-04,Sur,Oficina,Archivador,10,787.19,551.75,0.09,7163.43,1645.93
985,2023-12-09,Oeste,Tecnología,Monitor,4,58.45,43.27,0.27,170.67,-2.41
986,2023-02-23,Norte,Tecnología,Teclado,6,404.62,347.36,0.08,2233.5,149.34
987,2023-11-28,Sur,Tecnología,Monitor,8,993.64,856.3,0.29,5643.88,-1206.52
988,2023-06-02,Oeste,Hogar,Lámpara,6,250.44,185.7,0.11,1337.35,223.15
989,2023-06-30,Oeste,Hogar,Lámpara,9,988.81,553.47,0.21,7030.44,2049.21
990,2023-03-05,Oeste,Tecnología,Teclado,1,469.16,302.11,0.01,464.47,162.36
991,2023-03-04,Este,Oficina,Escritorio,8,643.72,428.56,0.29,3656.33,227.85
992,2023-04-18,Norte,Tecnología,Laptop,6,926.71,757.2,0.26,4114.59,-428.61
993,2023-12-08,Este,Tecnología,Laptop,10,210.72,142.81,0.06,1980.77,552.67
994,2023-11-23,Norte,Hogar,Lámpara,6,402.46,232.43,0.06,2269.87,875.29
995,2023-09-08,Sur,Hogar,Sofá,4,878.59,479.0,0.07,3268.35,1352.35
996,2023-07-30,Este,Tecnología,Laptop,1,899.38,765.31,0.21,710.51,-54.8
997,2023-02-03,Norte,Oficina,Impresora,1,267.28,196.21,0.25,200.46,4.25
998,2023-07-17,Este,Oficina,Impresora,3,814.57,613.41,0.17,2028.28,188.05
999,2023-05-02,Sur,Oficina,Escritorio,5,19.64,10.53,0.29,69.72,17.07
1000,2023-04-14,Sur,Oficina,Archivador,7,549.38,409.36,0.18,3153.44,287.92
